id_canti,titolo,autore,raccolta,momento,link_youtube
2237,A Betlemme di Giudea,Tradizionale Noel Francese,,"32,3",MhDWyKjGUP8
2619,A te elevo la voce,RnS - P.Wilbur,,"22,31,10,18",8OF5jo_G_d8
1634,A te grido mio Signore,RnS,Fuoco d'amore,"9,14",WpgDwwElBGk
2417,A te nostro Padre,A. Vitalini-Lavagna,,26,OBLCWXOyOGY
2396,A te Signor leviamo i cuori,P. Damilano,,26,zDfmLrOJ6dI
1929,A te vorrei dire,Gen Rosso,La vita di ogni cosa,32,Xna5fGSXtAQ
2459,A volto scoperto,Eman,Pietra Angolare,9,nqIKPj-Dr6I
1,Abbà Misericordia,De Luca - Aguila,,"21,4,11",CIoHu_60JQQ
2,"Abbà, Padre (ascoltami)",RnS,Venti dello Spirito,"31,4,9,11",WDYpSRVLhr4
1741,Abbiamo trovato il Messia,Domenico Machetta,Una voce che ti cerca,"21,32,3,4,12,16",qyYnqsZEJvk
1352,Abbracciami,RnS,Il canto del tuo popolo,31,fwSAsHU4kHM
2408,Absorbeat,S. Francesco d'Assisi,,"31,54",
1602,Accetta o Padre,C. Mangione - L. Maci,,26,PD5g256Nv8A
3,Acclamate a Dio,RnS,Ad una voce,"21,24,14",FNomwQWxZeI
4,Acclamate al Signore,Marco Frisina,,"21,24,14",XR3RXQHnwS4
1545,Acclamate al Signore,RnS (Pasquale Rinaldi),Gerico,"21,31",KYFjP2jCGK4
2187,Acclamiamo a Dio,Tommaso Bailo,,21,
5,Accogli i nostri doni,Francesco Buttazzo,,26,6yAFY7jFjG8
1635,Accogli nella tua bontà,RnS,Osanna,"26,14",7cI5qRTJxdQ
6,Accogli Signore i nostri doni,Gen Verde,E' bello lodarti,26,t6NSTY-x1D4
1649,Accogli Signore i nostri doni (v2),Gen Verde,E' bello lodarti,26,t6NSTY-x1D4
7,Accoglimi,Pierangelo Sequeri ,In cerca d'autore,"4,11,18",M5FBVpkUsWc
2234,Accorrete popoli del Re,Daniele Esposito,,21,V3grjsC_9vU
8,Acqua siamo noi,Giosy Cento,,"21,8",YZPaZqTi0EA
9,Acqua sole e verità,Giosy Cento,,"31,8",jWbqt2VP0wM
1638,Ad una voce,RnS,Ad una voce,"21,31,32",Kt5woytl9RQ
10,Adesso è la pienezza,Daniele Ricci,,"21,3",vyDRdLmJsPI
11,Adeste Fideles,Tradizionale,,"21,3",FgTsp_3z94Y
2039,Adoratio - Viva Gesu',Padre D.Betancourt-D.Deo,,"28,31,4,9",
1561,Adoro Te,RnS,Parola d'amore,"21,31",v4X-5W5gBlw
12,Agnello di Dio,Comunità Shalom,,"71,18",hVslQF16AWQ
1572,Agnello di Dio,Gen Rosso,Come fuoco vivo,"71,18",pRdqkgFPsII
1631,Agnello di Dio,Francesco Buttazzo ,Vita nuova con Te,71,HsswpBzH1p4
1632,Agnello di Dio,Tradizionale,,71,
1645,Agnello di Dio,Tommaso Bailo,A Te veniamo con gioia,71,40APxYacGXQ
1646,Agnello di Dio,Avolio-Capacchione-La Rocca,Festa con Gesù,71,G12BNPCDSj4
1648,Agnello di Dio,RnS,Ad una voce,71,NWf9fg9rF8s
1742,Agnello di Dio,Buttazzo - Dargenio,Esulta il cielo,71,Zt6pb2xh5kU
1743,Agnello di Dio,Piera Cori,,71,4OSvVUH6AJ4
1744,Agnello di Dio,M. Palmitessa,Riuniti nel tuo nome,71,GL2AgO9tD9E
1754,Agnello di Dio,Gen Rosso ,Dove tu sei,71,cG_qku6yqiE
1831,Agnello di Dio ,Gen Verde,E' bello lodarti,71,-KG686w__c0
1909,Agnello di Dio,Renato Giorgi,,22,
1912,Agnello di Dio,Giosy Cento,,71,TRjrNXPZIUI
1945,Agnello di Dio,Salvatore Basilotta,,71,0fyZwv2MdYs
2001,Agnello di Dio,Marco Frisina,Pane di vita nuova,71,3gkGaXTgpoA
2272,Agnello di Dio,Daniele Ricci,,71,
2463,Agnello di Dio ,Picchi,,71,lPaQk03EUP8
2490,Agnello di Dio,Francesco Buttazzo,Si è fatto come noi,71,JixeMjg5CWQ
1915,Agnello di Dio (da Sorgente di unità),Francesco Buttazzo,,71,QL8vus9_Ni4
2186,Agnello di Dio Exsultet,Daniele Esposito,,71,I2p7D0mQViM
1582,"Agnello di Dio, abbi pietà",Pasquale Dargenio,Sorgente di vita,71,gk9iCq9b4gQ
1951,"Agnello di Dio, abbi pietà",Daniele Ricci - Venne Nel Mondo,,71,eoYN_mTZzi0
1911,Agnus Dei,,,71,
1935,Agnus Dei,Giosy Cento,,"71,2,3,4,5",_2zFoFm_a1c
2185,Agnus Dei (miserere et pacem),Daniele Esposito,,71,oi6I52MhsaQ
2448,Ai piedi della Croce,Corrado Salmè,Infuocati per Dio '04,"9,10",VF01Mdiqa38
1446,Ai piedi di Gesù,RnS - S.Martinez,Vittoria!,9,CYV8jlia5gs
1889,Ai piedi di Gesù (semplificata),Salvatore Martinez,,9,CYV8jlia5gs
2452,Al Santo Glorioso (Inno in onore di San Francesco di Paola),tradizionale,,"21,32,10",YJkcn-3kDgk
2449,Al Signore canterò, D. Haas - M. Deflorian,Nella gioia della fede,"21,14",-HqBThklPK8
2413,Al tuo santo altar,E. Renoglio - Haie Les Roses,,21,9qAXp1l-Z10
1859,Albero di vita,A. M. Galliano - R. Faruggio,,"21,4",UFM0UBncxcc
1874,Alla Madonna di Czestochowa,,,"32,7",JVa5MzbPBcM
13,Alla mensa del Signore,Francesco Buttazzo,,31,-EAvW73QRiE
2411,Alla porta del mio cuore,"RnS - G.Sanfratello, R.Mangione",Dio dell'impossibile,9,plK5T1ViwLE
1979,Alla tua mensa,Martinez,,"31,4,5,13,20",Lq3wLoL8O18
14,Alla Tua presenza,Fabio Tiddia,,"21,31",piAK9gyfQQI
1936,Alla vittima pasquale,P. Dargenio,Esulta il cielo,5,nXCbbGTvXgo
16,Alleluia,Mite Balduzzi,,25,77Ft25VCnI4
2466,Alleluia,Domenico Machetta,"Sei con noi, uno di noi",25,e1k8EqfBzns
2212,Alleluia (Canta con gioia),Daniele Esposito,,25,aA8R_XOHmAM
1546,Alleluia (Celtico),Fintan O’Carroll,,25,GJlzoz0d9Qs
2491,Alleluia (congolese),--,,25,
18,Alleluia (ed oggi ancora),Pierangelo Sequeri ,E mi sorprende,25,D7vriZqQNCY
19,Alleluia (la nostra festa),Stefano Vernavà,,25,NTK8eTlukMg
2154,Alleluia (Messa della Concordia),Gen Verde,,25,AewvundFzX4
2153,Alleluia (Non può bastare una canzone),--,,25,GTPAqrgb3Ac
20,Alleluia (Passeranno i cieli),Eugenio Costa - Stefano Varnavà,,25,3-_UHaQ2N08
2662,Alleluia (Shalom),Paolo Spoladore,Dacci Pace,25,gBgAVwzOfgU
1824,Alleluia (venite a me),Orlandini - Herrera,,25,bvWOchOCQKg
1820,Alleluia - La tua parola,D. Machetta,Sei con noi uno di noi,25,e1k8EqfBzns
1399,Alleluia - Lode Cosmica,Stefano Puri,,25,CPR3wLwZS1o
1547,Alleluia - Lode Cosmica (semplificata),Stefano Puri,,25,6ol9QL9heeA
2075,Alleluia - Questa Tua Parola,Paolo Spoladore,,25,2K20I0kFo84
2123,Alleluia 7,Taizè,,25,6OE6-jCNZuM
2382,Alleluia a Colui che risuscitò ,RnS - D. Fishel,Sempre canterò,25,tNJA1b2zvT4
22,Alleluia al Redentore,RnS,Eterna è la Sua misericordia,"25,3,14",Bl65ILAGvyk
23,Alleluia Canto per Cristo,Eugenio Costa,,"25,2",TObK5sUeuNI
1671,Alleluia Canto per Cristo (v2),Eugenio Costa,,25,TObK5sUeuNI
2462,Alleluia con il cuore,Francesco Buttazzo,Alla tua festa,25,Mt_9jaG512I
1891,Alleluia Cristo è risorto veramente,Buttazzo,Esulta il cielo,"21,25,5",xp1h88PTRho
2766,Alleluia dello Spirito,"Angelo Roncari, Lorenzo Capello",,"25,6",
2191,Alleluia di Lourdes,,,25,7V8fqv25uqw
24,Alleluia di Natale,---,,"25,3",dFNb6gJu8yk
1977,Alleluia di taizé,Taizè,,25,
25,Alleluia e poi,Luca Diliberto - Giuliana Monti,,25,EDx_aUkb-xQ
17,Alleluia è risorto,Gen Rosso,Noi veniamo a Te,"25,5",Njn5BYHnaU0
2158,Alleluia è tempo della gioia,Daniele Ricci,Maranatha vieni Signore,"25,2",OtcQFYG1yKg
1643,Alleluia Gen Verde,Gen Verde,E' bello lodarti,25,0LLceOP2r2Y
2111,Alleluia Gesù,Daniele Ricci,,"21,5",CuVlJjGYowY
2243,Alleluia Gv 13,Daniele Esposito,,25,nixPt6AeAT4
2192,Alleluia Padre Mio,RnS,Nelle Tue mani,25,N-pjp6CMbvY
2618,Alleluia Padre Mio ,RnS - T.Cullen,Nelle tue mani,"22,31,5,10,52",UodRwIgIecQ
1899,Alleluia parla o Signore ,Matteo Zambuto ,,"25,2,3,17",au1j39_d4LM
2194,Alleluia Quando siam riuniti,,,25,
2476,Alleluia Tu sei la parola,,,25,mEJxylCyzLI
2195,Alleluia un giorno Santo,Marco Frisina,Cristo nostra salvezza,"25,3",o_QBpM18EwA
2736,Alleluia Vi annunzio,Marco Frisina,Natale: 1 gennaio - Epifania,"25,3",2jxLUTHmUdA
2760,"Alleluia, Acclamiamo a te",D. Scarpa-F. Buttazzo,Vieni Soffio di Dio,25,a45xkB1avsc
27,"Alleluia, cantate al Signore",Gen Rosso,,"21,25,31,3,5",6EZWcYt6Wr8
28,"Alleluia, chi ascolta",Francesco Buttazzo,,25,6GlSrXdZx90
29,"Alleluia, chi ascolta le mie parole",Comunità Spello,,25,L8i12jL3X-k
2226,"Alleluia, Cristo è risorto",Paolo Auricchio,Alleluia è risorto,"21,31,32,5",7FcHTjMfhcY
2251,"Alleluia, Cristo e' risorto",Jean Luc Moens,,25,5mMChz-hIUU
2477,"Alleluia, Cristo nostra Pasqua",,,25,
1747,"Alleluia, da chi andremo","F. Buttazzo, G. Puccio",Esultiamo nel Signore,"25,5",tZhPODcWVhs
1882,"Alleluia, è risorto il Signor",Fabio Baggio,"Alleluia, è risorto","21,32,5",1Bbg0fYEcpg
2475,"Alleluia, ecco lo sposo",Ricci - Galliano,Un patto d'amore,"25,15",A2RkcfjVBYw
2348,"Alleluia, il tuo Vangelo",Avolio-Capacchione-La Rocca, Festa con Gesù,25,4dyeFrn2cU0
1746,"Alleluia, oggi è nato",Francesco Buttazzo,,"25,3",OiGxLIF-pPQ
2238,"Alleluia, rendete grazie",Gen Verde,Il Mistero Pasquale,"24,5",iMz4aIR7rAc
39,"Alleluia, Signore sei venuto",Luciano Scaglianti,,"25,3",1d80_1YlrtE
2033,Alleluja,Salvatore Basilotta,,25,8MsombMxjp0
1922,Alleluja (Terry),,,"25,5,10",
2446,Alleluja - Cristo è risorto dai morti,dalla liturgia Pasquale orientale,,"25,5",bjkNmeYsQ2s
2050,"Alleluja, lodate il Signore",Marco Frisina,,"21,25",mL0uSJR8My8
1914,"Alleluja, Tradizionale",Pasquale gregoriano,,"25,5",6sLNiJd95jY
2761,Alleuia malgascio,tradizionale del Madagascar,,"25,18",JFX_mWrdGJY
1934,Altissimo,Paolo Spoladore,,"31,9",cqw5UMWumjo
42,Alto e Glorioso Dio,Marco Frisina,,"21,31",lYUBqD3w3oA
2196,Alza i tuoi occhi al cielo,RnS,Sentieri di speranza,10,KTMbNIOFw3c
2252,"Alza le braccia, apri il tuo cuore",RnS - Daniele Branca,Parola d'Amore,31,tbKreLTdT4s
2492,Alzate il vostro sguardo,Pierangelo Comi,Oggi il regno,"24,4",qrIWIkO4CTk
44,Alzati e risplendi,A. Gocam,,"21,31,2,17",PgtfzpgiKMw
2151,Alzerò i miei occhi ,Marco Frisina,,"26,31",pMxW97hIleM
2366,Alzo gli occhi verso i monti,Kiko Arguello,,"32,4,10",uoWZGgCcTZY
46,Amar come Gesù amò (per avere la felicità),---,,31,_w4pBkQPgso
499,Amare oltre,Federico Russo,,"31,15",zRy5MFLE59g
47,Amare questa vita,G. Meregalli,,"21,20",tUE-GpZ4RmM
48,Amatevi fratelli,Domenico Machetta,"Grazie, Signore!",31,p4Rje5e8Vw4
2313,Amen,,,28,
49,Amen (Tutte le promesse),Piera Cori,,28,n0uJeM49Mzw
2493,Amen Jhavè,RnS,Guarda al di la,17,h3rpiGxGPaw
2494,"Amen, Alleluia",Rns,La mia voce sale a Dio,"25,28,18",rYWPGadZC90
1050,Amo,RnS - Stefano Fioravanti,Benedici il Signor,24,GJJQYXU1GZ0
2239,Amore abbandonato,Gen Verde,Il Mistero Pasquale,"31,4",HWq2ajrE2hY
2436,Anche tu sei mio fratello,Pino Tombolato - Angelo Di Mario,Nessuno è solo al mondo,"32,10,51",7QViotWGhM0
2639,Anche tu vedrai,Marcello Giombini,Salmi per il nostro tempo,21,ONgEcVogn-E
52,Andate per le strade,Angelo Roncari - Lorenzo Capello - Giovanni M. Rossi,,"32,16,17",PAMled5AWo4
1989,Andro' a vederla un di',Tradizionale Mariano,,"32,7",0juafPduuno
2083,Anima Christi,Marco Frisina,Pane di vita nuova,"31,4",BYzT9zOJHF0
1601,Anima di Cristo,Roland Patzleiner - Figli del Divino Amore,,"31,9",W01svaJuMc8
1890,Anima di Cristo,RnS,Voglio vedere il tuo volto,"26,31,9,10",KLqxm064syo
55,Annunceremo che Tu,Paolo Auricchio,,"32,16",ZfI4bBMKSRs
2657,Annunciamo la Tua morte,Marcello Giombini,Camminiamo nella speranza,28,zZnqfJVvZRU
1810,Annunciazione,Gen Verde,,"21,7,10,17",3Mf1TEKxkZE
2303,Annuncio Pasquale,Domenico Machetta,,5,
57,"Antica, eterna danza",Gen Verde,,26,kGXy6SBVEVg
2376,"Apocalisse 19,6",RnS - M. Emberti Gialloreti-C. Rossi,Sempre canterò,"25,5",zLJaWJWXVyo
58,Apostoli di gioia,Luca Pollastri,,"21,32,16",jHltPy0bfyE
1778,Apri i cieli,SDV worship,,"31,6,8",NfdUMMf8gwo
1567,Apri i miei occhi Signore,RnS,,"21,24",cWmBVEVPoZQ
2109,Apri le braccia al futuro,ignoto,,"32,10,53",7XeBcQu1tlM
59,Apri le tue braccia,Domenico Marchetta,,"21,32,4,11",9bpmiHETxYY
2022,Apri le tue braccia (v2),Domenico Machetta,,"21,4,13",OH5SwJjSVBQ
2135,Aprimi gli occhi del cuore,Jeunesse en Mission,,"21,10,14",41BvMRjjJmo
1947,Aprite le porte,Comunità Cenacolo,,10,q5YMlM3q0Hc
1946,Aprite le porte a Cristo,Marco Frisina,Sacerdote per sempre,21,tQO6XO9syFk
2496,Aprite o porte i frontali,--,,24,_5lv9KifLnE
2416,Arderanno sempre i nostri cuori,Paolo Auricchio,Alleluia è risorto,"31,5",kHB6N9sCQcI
2114,"Arrivederci a te, amico Gesù",Antonioli - Giorgi,,32,hPtHOhmfRdg
2085,Ascolta Israele,,,"2,3,4,5,17",
2267,Ascolta Israele,Piera Cori,Come passi di danza,"21,4",DWSykMIacqY
2617,Ascolta la nostra lode ,RnS - R.Morgan,Grazie,"21,32,10,14,16,52",Ux8cys8tH08
61,Ascolta la Preghiera,---,,"4,7",
2248,Ascolta oggi ,Silverio Fioravanti,,21,
64,Astro del ciel,Meli - F. Gruber - Picchi,,"21,26,31,3",
2331,Atto di amore,Marco Frisina,Sacerdote per sempre,"21,31,4",3yQLNZZ20kE
1656,Ave dolce Maria,"RnS - D.Branca, L.Ciancio",Parla al mio cuore,7,xCQr3qg9uDw
66,Ave donna Maria,Oratorio di Arese,Beata te che hai creduto,7,uSVKgm9atwc
67,Ave Maria,Pierangelo Sequeri,,7,TRqm7r46W0c
68,Ave Maria,Gen Verde,,7,q_v8rry02lg
2028,Ave Maria,Salvatore Basilotta,,"26,32,7",JI_MF2J5iSs
2116,Ave Maria,Gen Rosso,,7,tD_DIL0P9Hw
2249,Ave Maria,Marco Frisina,Non temere,7,BYXzdfcz404
2363,Ave Maria ,RnS - M.E. Gialloreti - C. Rossi,Sempre canterò,"32,7",fY5ONyvb2U4
2216,Ave Maria (offro a te il mio canto),,,"32,7",
69,Ave Maria (Verbum Panis),Mite Balduzzi,,7,23OWVb6XwZo
2481,Ave Maria di Fatima,Popolare,,7,JFZ5h7olFpA
2426,Ave Maria di Lourdes,Rivisitazione Compagnia Aquero,Messa dei giovani,"32,7,10",vjVEQCdkk18
2812,Ave Maria gratia plena,,,"32,7,20",xmaAckwvwEw
1844,Ave Maria splendore del mattino,Claudio Chieffo,,"32,7,10,12,13,15,16,20,51,52",QFRv_SuDxdg
2375,Ave Maria splendore e bellezza,Negrini-Frigerio,,"32,7",dIBWh6i-7aU
1847,Ave Maria stella del mattino,Clericetti/ Mascagni,,"32,2,7,10,11,12,13,15,16,20",PP_FgfkM1CM
1954,"Ave Maria, Dolce Mamma dell'umanità",Maria Napolitano  (Testo) e Tania Pierannunzi (musica e arrangiamento),,7,gkIYQ8-qgWc
2412,"Ave, piena di grazia",Francesco Buttazzo,Gloria all'Emmanuele AAVV,7,Zzc5KZ-8Iec
2117,Avrai cura di noi,Benedetti Anna,,5,5Iv8wTnl0FQ
2451,Ballata per Maria ,Roberto Bignoli,Una voce per la speranza,"7,10",bt7jWPZHKdA
2162,Be thou my vision,popolare irlandese,,"32,2,3,4,5,10,11,12,13,14,15,16,20,52",ihJAJA4ibEs
73,Beati quelli che ascoltano,Michele Bonfitto,Sei grande nell'amore,"21,31",CuFvTANFHr4
1745,Beati voi,Francesco Buttazzo,,"21,31,32,10,15,17,20",1b9KyDZyETU
2048,Beati voi,Giosy Cento,,"21,31",d3gRXkwijEo
76,Beatitudine (La preghiera di Gesù è la nostra),Gaetano Castiglia,,"31,17",c6uJoG9BbJ8
2193,Beatitudini,Marco Frisina,Benedici il Signore,"31,17",HtHIeBPXH8w
2497,Beato chi dimora in Te,Darlene Zschech - Reuben Morgan,,"21,24,14",MnBizieeEf4
2580,Beato il cuore che perdona (inno GMG 2016),Valerio Ciprì,,"31,16",JHfNDEqr_hY
78,Beato l’uomo,Antonio Porrino,,"24,31,32,2",YQsqPCheucg
2450,Bellezza sei Tu,Fra Giuseppe Di Fatta,Viva immagine di Te,"32,10,14,52,54",RnH-WWowomg
1835,Benchè sia notte,Marco Frisina,Salvatore del mondo,"2,4",QfsHPBD5Xns
2220,Benedetto (Davanti a Te o Dio),Benedetti / Anselmi,,26,GH56qRWPg9g
2119,Benedetto nei secoli,Matteo Zambuto,,26,fQZUOuYGE7Y
2166,Benedetto sei o Padre,Francesco Buttazzo,,"26,2,3",OsiDQN3Vys4
2350,Benedetto sei Signor ,Avolio-Capacchione-La Rocca,Festa con Gesù,26,9NNWFFMZyW0
1682,Benedetto sei Tu,Gen Verde,,26,IyXjms-qnHg
2472,Benedetto sei Tu che vieni,Semprini – Galliano,Natale del Signore,"2,3",r7M3bZtiFuc
1884,Benedetto sei Tu Signore ,Marco Frisina,,26,iqTFgvg7V_s
1748,Benedetto Signore (Cerco solo Te),RnS,,"21,32,9,10,14,15",MXUZaioC9ps
81,Benedetto Tu Signore,Daniele Ricci,,26,PhOGjXrc9G8
2175,Benedicat tibi Dominu,S.Francesco - Siro Merlo,,"10,52",OuuEwfAmd94
1548,Benedici,Paolo Spoladore,,31,uN0dLBwY5jI
82,Benedici il Signore,Marco Frisina,,"24,26,4,14",iepex6XBHo0
2259,Benedici il Signore anima mia,A. Napolitano,,31,YBM6FSXavKE
2461,Benedici il Signore anima mia,RnS - A. Napolitano,Grazie,"21,24,31,4,9,52",YBM6FSXavKE
83,Benedici o Signore,Gen Rosso,,26,dM2Wyjj4k3Y
2401,Benedictus ,RnS - S. Martinez,Shalom,"21,24,31,32,2,3",eQDSesAoy40
2217,Benedirò il Signore in ogni tempo,"Fabio Avolio, Biagio Capacchione e Pasquale La Rocca",,"21,32",C5JVYd2HeDs
2072,Benedite e acclamate,A. Casale,,"21,15",QH1LLGOkr6M
2409,Benedizione di San Francesco,S. Francesco D'Assisi - Fra G. Di Fatta,Viva immagine di Te,"32,10,54",ldI-UMJKxbI
2693,Benvenuto Dio bambino,"R. Faruggio, P. Pintucci",Benvenuto Dio bambino,"32,3",zmUOW9sQzoI
1708,Betlemme di Efrata,Pasquale Dargenio,,"31,2,3",yxxhELRAtOk
86,Bianco Natale,Tradizionale,,3,U1rW9oXQE5I
2041,Bisogna che Cristo cresca,Anonimo,,"21,32,10",n-p74q8Mhls
2499,Buon Gesù,Don Livio Tacchini,La tua Parola mi incanta,"31,9",Dc2zfuAM2DY
2207,Buono è il Signor,Comunità Dio Vivente,,"21,32,5,9,10,14,52",w_R5QWHGLGk
2441,C'eri tu ,Stefano Varnava,I negro spirituals in italiano,"4,9,12",0dMes0mREMM
1916,"Cammina insieme a noi, Maria",Francesco Buttazzo,Testimoni dell'incontro,"32,2,7",S6PueSoj3kc
2772,Cammineremo nella libertà,Giosy Cento,,"32,10,18",V4GYFPcHUU8
88,Camminerò,A. Marani,,"21,32,16",DWYlgjyqmX0
2009,Camminiamo incontro al Signore,Galliano - Semprini,,"21,2",-VSZAKeNjtE
1427,Camminiamo sulla strada,---,,21,P9rOs2n76Bk
2094,"Canoni - Adoramus Te, Domine",Taizè,,"31,9,10",R1UOt3kMkF4
2095,"Canoni - Confitemini, Domino (Ringrazia il Signore perché è buono)",Taizè,,"31,9,10",khXIGwIhpYE
2096,Canoni - Dona la pace,Taizè,,"31,9,10",MNRLFsTPWOM
2062,Canoni - Il Signore è la mia forza,Taizè,,"31,32,4,9,11,18",xyd9gSAKYXU
98,"Canoni - Jubilate Deo, omnis terra",Taize,,"25,18",
100,Canoni - Laudate omnes gentes,Taize,,"14,18",lbb-kaurSW0
101,Canoni - Magnificat,Taize,,18,nLM0GiihIbs
102,Canoni - Misericordias Domini,Taize,,"22,18",pva71b0fTMM
2053,Canoni - Nulla ti turbi,S. Teresa d'Avila - J. Berthier - Taizè,,"14,18",go1-BoDD7CI
2097,Canoni - Questa notte,Taizè,,"31,5,9,10,17",RbEr0lW60z8
1856,Canoni - Ubi Caritas,Taizé,,"26,30,18",eF8AW6JzWpE
2660,Canoni Vari,Autori Vari,,"9,11,14,18",
114,Canta Alleluia,Linda Stassen,,25,eOIptdCZNfw
1552,Canta con noi,---,,10,Lqjqa1l5D0E
1549,Canta con noi (v2),---,,10,Lqjqa1l5D0E
2500,Canta e cammina,Francesco Buttazzo,Vita nuova con Te,32,QYR3HU9mYl0
2827,Canta o lingua il glorioso mistero,Marco Frisina,Cristo è nostra Pasqua,"31,4,5,9",rzGXMeYQcL8
1607,Cantate al Signore,Matteo Fallorni,,"21,14",eP5Fm9nrLvU
2169,"Cantate al Signore, alleluia",Marco Frisina,,"32,14",aC4c4ENu8lg
1855,"Cantate al Signore, cantatelo nei secoli",Comunione e Liberazione,,"21,24,31,32,10,12,14,15,16,52",
1815,Cantate inni a Dio,RnS (A. Morrone - A. Altieri),,"21,32,14",5YpmSiv3BYg
1625,"Canterò ""I will Sing""",Don Moen,,"21,31,9",TPCeSkLBv1w
1893,Canterò le meraviglie del Signor,"Paolo Ciccarelli, Emilio Munda",,"31,5",esPHLbrdYvg
116,Canterò per Te,Pino Fanelli,,31,6OHXxm1Dr18
1661,"Cantiamo al Signore, grande nell’amore",RnS,Misericordia sei,"21,31,9",pXwEcrj2Grk
1551,Cantiamo con gioia,F.G.Pesare,,21,xtihi872yiw
2137,Cantiamo insieme al Signore,RnS,Fuoco d'Amore,"21,14",uYrHS8lAt6Q
2082,Cantiamo la tua immensa gloria,Davide Toffoletto,,"23,14,52",
117,Cantiamo Te,Gragnani,,"21,14,19",RN5HIkTbvzU
2190,Cantico dell'agnello,Marco Frisina,,"25,71,5",BKdNqlnLmjY
2431,Cantico della creazione,Roberto Mancioni,"Incanto Serafico, Volume 1","21,32,54",ZnLM3baAnbE
2203,Cantico delle creature,Marco Frisina,Tu sei bellezza,31,tRJBo4xxdwk
2221,Cantico delle creature,Branduardi,,"28,31,32",2vIzGZg7iss
2133,Cantico di Anna,RnS,,17,cJXQaL644FQ
120,Canto a Te Maria,Gen Verde,,7,LBmVA-ClneU
1987,Canto dei tre giovani,Rns,,"21,10,14",z2HssXS5A_0
2115,Canto di contrizione,Valmaggi,,"21,22,4,10,11,12",C46h4rDUu4g
2200,Canto di Madonna povertà,Marco Frisina,,"21,32,10",Q6832pWyl7c
2501,Canto di mamma Sifa,canto africano,,7,
2585,Canto di nozze,Daniele Ricci,E' l'amore che contaa,15,
2291,Canto Penitenziale,Marco Frisina,O Croce nostra speranza,"22,4",EeZfclHIhCk
1616,Canzone della speranza,Paolo Iotti,,"31,32",U9Gqz7BjuR8
1793,Canzone di Maria chiara (Se non ritornerete),Claudio Chieffo,,"31,10,17",0P_dF_y9kKI
2502,Canzone di San Damiano,R.Ortolani,,54,JDBNTnvaT9I
2004,Canzone di San Giuseppe,Guido Clericetti - Adriana Mascagni,,"31,32,3,7",PRadNjnGKWs
2655,Celebra il Re,Angelo Maugeri,Dieci,"21,32,10",pWUQBYPjzfA
1998,Celebra il Signore Terra tutta,Marco Frisina,Stillate cieli dall'alto,"21,31",bZPwEMiIFOs
1684,Celebriamo il Signore,Gary Oliver,,"32,5",H6OfECD7plA
2298,Celebriamo insieme,RNS,,"21,31,32,5,10,14,52",PW6KJpQPsEk
1670,Cerco il tuo volto Signore,RnS,,"9,14",EHFBMfpbMdo
125,Cerco la Tua voce,Gen Rosso,,"31,2",PflpSm4aDck
2244,Che cosa mi manca,"Elena Storchi, Renato Giorgi e Valerio Antonioli",,10,
2503,Che magnifico nome,Hillsong,,"5,9",NVtDXb_C1Hc
1749,Che siano una sola cosa,R. Grotti,,"31,4,15",P0sVkGfGBg4
126,Chi ci separerà,Marco Frisina,,"21,31,17",kG0CbU5rvrs
2864,Chi è costei che sorge come aurora,,,7,xa9vWSyvEL0
2327,Chi ha fame,Kiko,,"21,4",A32O3Rl_-pA
1757,Chi ha sete,Charles Christmas,,"21,32,8,14",3nan-Ia009M
2788,Chi mi seguirà,Antonio Parisi,Domeniche di quaresima A,"21,31,4",uF4SASFyvCQ
2665,Chi perde la sua vita per me,Sr. Hermana Glenda,,"31,12",k77hcuLAouU
1473,Chi?,Gen Rosso,In concerto per la pace,21,QJxpvCVibWQ
1898,Chiamati per nome,Gen Verde,,"21,5,20",EUG6KnGxpcc
2229,Chiamati per nome v2,Gen Verde,,"21,5,20",EUG6KnGxpcc
2504,Chiara è la tua sorgente,Pierangelo Sequeri,Mentre è ancora giorno,"7,14",woiIAIiLgR0
2286,Chiesa del Risorto,Marco Frisina,O luce radiosa,31,5D90KReCemU
2015,Chiesa di Dio,Costa - Villeneuve,,"21,4,10,14,20",gE2gfXPhpkU
2875,Christ is my hope,Marco Frisina,,32,nOXa4-yBBXw
1968,Christus vincit,Aloys Kunk,,"9,14,52",7arQTsM26qk
2351,Ci accogli alla tua mensa,Avolio-Capacchione-La Rocca,Festa con Gesù,31,M6qeiC3etUE
1629,Ci inviti alla tua festa,Francesco Buttazzo,Alla tua festa,"21,31",S7HOOFAXTHI
1932,Ci nutri alla Tua mensa,"F. Buttazzo, P. Dargenio",Esulta il cielo,"26,31,9",RPQ8ORkm9bo
129,Cieli e terra nuova,Mario Piatti,,"32,2,13",efDuuaWXpSE
1818,Ciò che Dio ha fatto in me,Morning Star,,"8,15,52",HPCZGn_f9JI
130,Col Tuo amor,RnS,Dio della mia lode,"32,9,11",MFDDZdmpDq8
2189,Com'è bello (dar lode al Signor),RnS,Davanti al Re,21,KOB5-UWA-pk
2620,Com'è bello (dar lode al Signor),RnS - T.Howard B.Batstone,Davanti al Re,"21,32,14,52",7K7w-VjPJPI
2588,Come acqua,Comunità Gesù Risorto,,"31,4",mUOntKgiUuQ
1976,Come brezza ,Daniele Ricci,,"21,31,6,10,20",tUGrDXYlbVg
2339,Come Davide,RnS,,"21,24,32,4,9,14",y0Lcs6P787Q
1750,"Come è bello, come da gioia. Sal 132(133)",Kiko Arguello,,"21,24,10,16",RGgdzMQZCwg
133,Come è grande,Roberto Grotti,,"31,4,11,14",GWIcRqwR0Sk
1871,Come fuoco per il mondo,Suore di maria bambina,,"9,52",mUNq2a42DB4
134,Come fuoco vivo,Gen Rosso - Gen Verde,,"31,32,5",sdqAt9k2-oY
1562,Come il cervo va all'acqua viva,"Bob Hurd, Marco Deflorian",,31,-VdUBfZfWFY
1559,Come il cervo va all'acqua viva (semplificata),"Bob Hurd, Marco Deflorian",,31,-VdUBfZfWFY
2442,Come il fiume,Domenico Machetta,"CANTI PER LA PREGHIERA DEI GIOVANI - Sei con noi, uno di noi",26,oPqySizQeYw
2795,Come il Pellicano,Gen Verde,,10,2fab8odvGsE
1614,Come incenso,Antonio Parisi,,26,0LjmWkgqDGM
2279,Come la cerva,,,"24,5",
2484,Come la cerva - Salmo 41,Diego Montaiuti,,5,smoSK40Iels
135,Come l’aurora verrai,Gen Verde,,"21,31,2",eFKH1aggk6I
136,Come Maria,Gen Rosso,Dove tu sei,"26,32,7",ncjXxoq-frE
1619,Come ti ama Dio,---,,"31,32",6CkaRqfl4js
137,Come Tu mi vuoi,RnS - D.Branca,Io scelgo Te,31,rs-cOyy-5MQ
2589,Come un faro nel buio,"F.Venturini. G.Bedocchi, A.Mazzanti",,14,A--7TeXOkSo
138,Come un fiume,P. Paci – D. Preti,,"21,8",ZntyUAaXQxs
2460,Come un fiume,Gen verde,Il mistero pasquale,"26,4",9TfeVD-sTiA
1736,Come un fiume d'acqua viva,RnS,,"21,6",
1613,Come un prodigio,Debora Vezzani,,31,KOSXHmMwJQI
1654,Come unico Pane,Rossi,,26,v8AtqY1KH7E
2035,Compromettersi per Cristo,Giosy Cento,,"31,11,12,16,17,20",l67BAV0gJBo
2199,Con Francesco profeti tra la gente,Fra Giuseppe DI FATTA,,"21,32,10,16,20",DbXHi0wAs-E
2113,Con gioia veniamo a Te,"RnS - P.Ferrante, F.G.Pesare",Io scelgo Te,"21,31,8,10,12,15,20,52",u_kqLm53IKk
141,Con il mio canto,Pierangelo Sequeri ,E mi sorprende,32,2Y8Di7zVS8w
2240,Con l'offerta di Gesù,F. Buttazzo; P. Dargenio,Esulta il cielo,"26,5",7c3fFWR1PjA
2300,Con Te Camminerò,Gen Verde,,"9,20",HrICedZnaSk
142,Con Te faremo cose grandi,G. Meregalli,,"21,31",
2040,Con tutto il cuor,Servi di Cristo vivo,,"28,31,9,12",
2485,Con un cuore solo,"RnS - Ferrante, Salvemini",Sentieri di speranza,31,40tFwBuV8rM
1902,Confidiamo in te,Figli del Divino Amore,,"21,31,6,20,52",
1833,Consolate il mio popolo,Marco Frisina,Salvatore del mondo,"2,4",tJCJ2T24qjk
1685,Corpo di Gesù,M. Penhard,,31,LKp7C_R0SEg
1667,Cosa Offrirti,RnS,,26,mdvOucpzet0
2233,Cosa renderti,,,10,
1999,Cose stupende ,Marco Frisina,,"21,7",JdaSR7DaEd8
2507,Così come sei,Adi Media,Adorazione 5,"31,9,11",aTsLHkeyzNE
2064,Crea in me o Dio un cuore puro,Spoladore,,"31,4,9,11",XE82L-FSMbc
1662,Creati per te,RnS (F G.Pesare),Cantiamo con gioia,"21,32",Kb62_O1fcn4
1461,Credo,Mite Balduzzi,,2,ND-L8vG9LsM
144,Credo in Te,Marco Frisina ,Non temere,"24,31",LhsITZZqOOo
2081,Cristo è risorto è vivo!  È con noi!,A. Roncari – L. Capello,,"31,32,5",od7T90zC794
145,Cristo è risorto veramente,RnS,Venti dello Spirito,"31,32,5",hQ8Y11c3LCs
2505,Cristo muove le montagne,Hillsong,,32,kOL8zUl5OZw
2666,Cristo nostra pace,Marco Frisina,Cristo nostra salvezza,"21,10",tAUlxyi4sSA
2478,Cristo Re,RnS - Nicola Montuosi,Mi affido a te,31,_BUs4qF81Vg
146,Cristo risusciti,Stefani,,"21,5",nsgcYokdH78
1986,Cristo speranza delle genti,RnS,,"21,31",Lc-nMRdJR5Y
2621,Cristo vive in me,RnS - Canto popolare america latina,,"31,18",ZKDa7COIw68
2037,Cuore a cuore,Canti evangelici,,15,EiB_40OG41s
1779,Cuore puro,SDV worship,,31,KJ1OGOLfFy8
2295,Custode del Signore,Marco Frisina,,"21,32,10",YAEv6Cxj_JI
2296,Custode del Signore (v2),Marco Frisina,,"21,32,10",YAEv6Cxj_JI
147,Custodiscimi,RnS,Davanti al Re,"24,31",jnB5GL_qTW0
2615,Dai confini del mondo,RnS,Fuoco d'amore,14,opkqrb-Zj9E
2384,Dai la mano a tuo fratello,RnS,Sempre canterò,"21,30,32,3,5",JPrPBoEy6d0
2258,Dal cielo scende la benedizione,,,"9,10",5AiKoKm-K3A
2017,Dal profondo,Spoladore,,"9,11,12",o5ijtaxrIM4
2285,Dal profondo a Te grido,Marco Frisina,Tu sarai profeta,31,UYRtoAaqey8
2770,Dal profondo o Signore,Francesco Buttazzo,Tempo di grazia,"4,11",1otaBEQc66I
1679,Dal tronco di Jesse,"F. Baggio, F. Buttazzo, D. Ricci, D. Semprini",,"21,2",vpuAulKxEh4
2638,Dall'eternità,Rns (Riccardo Sansone),Ha vinto il tuo amore,"32,16,20",QNzbG3nKCt4
2622,Dalla tristezza alla danza,RnS - T.Walker,Risplendi Gerusalemme,"21,32,14,52",sfaDQMOXfh4
150,Dall’aurora al tramonto,Mite Balduzzi,Verbum Panis,"21,24,31,2,4",ndzzta0oElQ
1659,Dammi i Tuoi Occhi,Dame Tus Ojos - Marcela Gandara – [Más Que Un Anhelo],,"31,9",16aAyTOY4O8
2045,Dammi un cuore nuovo,Servi di Cristo vivo,,"21,9,10",
1553,Danza Danza,Giovani della Comunità Maria (1983),,"21,32",tVx4nmLlgTo
2036,Danza della carità,anonimo,,"21,31,17",TMErDsYezOQ
2147,Danza la vita,M. Monnetti,,"32,51",Gx28CCKcyK0
152,Davanti a questo amore,RnS - Conte/De Luca,,"31,4,5,13",hlTny87LIq8
1900,Davanti a Te,Gianluigi Serapiglia,,26,Q3W76b6cmMw
2044,Davanti a te Gesu',Servi di Cristo vivo,,"28,31,9,10",
154,Davanti al Re,RnS,Davanti al Re,3,aki9qAeylMU
2479,Dayenu adonai,Gen Verde ,Il mistero pasquale,4,3nHlGCScNRg
2130,Degno di Lode,Athena,,"6,9,52",4Vs34USuGdk
2125,"Del tuo Spirito, Signore",Gen Rosso,,"24,6,14",0-WMVDh_cg0
1980,Dell'aurora tu sorgi più bella,Francesco Saverio - Don Luigi Guida,,7,pOGCCbbJdiY
2423,Dell'aurora Tu sorgi più bella (v2),Rivisitazione Compagnia Aquero ,Messa dei giovani,"32,7",nc2gK72gQ7c
2458,Destinati all'eternità,RnS (F.G.Pesare - De Luca),,10,zpQ3MwAJYKY
1868,Dico Sì,Fabio Baggio,,"31,15",lvlP7t0UbH8
1686,Dio aprirà una via,Don Moen,,"9,52",rWlDxeqezck
2594,Dio che tutto puoi,RnS,Mi ami tu?,"31,14",
1997,"Dio con noi, Emmanuel",Gen Verde,,"31,3",9Ln9995JMYQ
1575,Dio è amore,RnS,,21,x02RLuFgTcQ
1837,Dio è la mia salvezza,Marco Frisina,Salvatore del mondo,"2,4",yO6xhARbaLM
2511,Dio farà un via ,Corrado Salmè,Infuocati per Dio,31,zMbtDfqxmPY
1382,Dio grande Dio,Chris Tomlin,,"31,9",-hnf8kydiws
2723,Dio ha tanto amato il mondo,A. De Luca - B. Conte,Risorto per Amore,"31,4,10,11",aYClEd3LMz0
2818,"Dio mio, Dio mio perchè mi hai abbandonato ",Marco Frisina,Non temere - Signore è il suo nome,"24,4",34BhRHX7mzE
159,Dio Regna,Leonard E. Smith Jr.,,"21,2",PeX3pYIzgoU
160,Dio s’è fatto come noi,Gino Stefani - Marcello Giombini,,"31,2,3",lGaqYA2I-lU
2402,Dio ti adorerò ,RnS - B. Conte e G. Ferrante  ,Shalom,"9,10",KoZDLjipX5s
2728,Disse un giorno il Padre,G.Stefani - M.Giombini ,,10,
2767,Dite alla gente,G.Meregalli,Mi hai tenuto per mano,"21,31,32,3,10,14",VFeCqLeqUbM
2801,Ditemi è vero!,padre Pasquale Lamanna,,"32,5",YSQeOviKi64
2430,Dolce signora dell'alleanza,Ricci - Galliano,Un patto d'amore,"26,7,15",3EMlAgu8gdI
1903,Dona la pace,Figli del divino amore,,"30,6,14,20",eHNi1hj2JHw
2362,Donna Maria,Giosy Cento,É il giorno del Signore,"32,7,14",mvOQuhXJZvU
2060,Dove la carità è vera,Marco Frisina,,"31,5",AmSLoX-F-b0
2663,Dove s'alza un'onda,Gen Arcobaleno,,"21,32",DF1WttHLWqM
2513,Dove troveremo tutto il pane,Stefano pianori,,26,dztwb6q08ho
1931,Dove tu sei,Gen Rosso,,9,ko1yR6Vxv5U
163,Dov’è carità e amore,Valentino Meloni - F. Zanettin - Terenzio Zardini,,"31,17",2aIrBW6r0aw
1591,Dov’è l’amore e la carità,Pasquale Dargenio,Dalla tua Croce,"31,5",erHJgWdCchs
169,E correremo insieme,Giosy Cento,,32,8av9XCKUVMo
2709,È il momento di ringraziarti,"M. Fornaro, B. Carretta","AA.VV., Oggi risorge","32,52",hqNuQJ8qN9c
1988,É l'ora che pia,Tradizionale mariano,,"32,7",
2514,E la montagna si muoverà,--,,"10,16",uOMLQQhnQe8
1880,E la strada si apre,Gen Arcobaleno,,"31,32",nOBr4QsBclU
2301,E lo credemmo abbandonato da DIo,Pierangelo Sequeri,,"31,4",rkW8-9ToP9s
2646,È meraviglioso,Gen Arcobaleno,La tua storia,31,O8rk6Pqt2Yo
2515,E Nasce il sole,--,,"32,51",DfHPn13b-WA
2658,È nato Dio per noi,A.Benedetti e G.Anselmi,EccoPercheCanto,3,QPMauMN_qEA
177,E pace intima,Gen Rosso,Se siamo uniti,31,C4H6iupfg3o
2246,E sia sì,"Elena Storchi, Renato Giorgi e Valerio Antonioli",,10,
179,E sono solo un uomo,Pierangelo Sequeri ,In cerca d'autore,31,Fz3h8MZC-dk
167,E' bello,Gen Rosso,Noi veniamo a te,32,gspMhX9hrKI
168,E' bello lodarti,Gen Verde,,"21,24,14",bKMp5GURE4I
2146,E' bello star qui (Que bien se esta aqui),Athena,Todo es tujo,"21,31,6,9,14",-62xDmu10II
1592,E' bello stare insieme a te,P. Dargenio e G. Puccio,Sorgente di vita,"31,32",BvndkicLBgw
1873,E' festa grande ,Giosy Cento,,"21,15",5z7PL8ZY1sg
1866,E' finita l'attesa dell'uomo,Francesco Buttazzo,,"21,3",5agm80XxA9I
170,E' giunta l’ora,Luciano Scaglianti,,"4,13,17",z0_74gnHpQ8
2144,E' il segno del tuo amore,Daniele Ricci,,"21,31",NgQl9pNO71M
2518,E' il Signor,Marvin V. Frey,,"28,9",9apH9bF8NYk
2602,E' il Signor,Marvin V. Frey,He is Lord,"28,14",9apH9bF8NYk
1777,E' il Signore e dà la vita,Comunità Gesù Risorto,,"32,14",ovf-n3ScJ_8
2245,E' la gioia che fa cantare,Antonella Mattei,,"21,6",S2C4SH2Raik
2858,E' l’incontro della vita,Daniele Ricci ,E' l’incontro della vita,"21,16",pB7S8pQdKvg
176,E' Natale,Castellacci - Biagioli - Paulicelli,,3,APbW-zAelxo
2443,E' nato nel mondo ,Giuseppe Tranchida,Alleluja è Natale,"21,3",mXiG2dpKBXU
2281,E' Risorto,Gen Verde ,Il Mistero Pasquale,"21,31,5",IBObKrD9Esw
1877,E' Santo,Daniele Ricci,il Dio della gioia,27,kjOhIbm8daE
1583,E' tempo di grazia,Fabio Baggio,Tempo di grazia,"21,4",wDK8OvBgKXw
2143,E' un giorno di festa,Francesco Cioffi,,"21,32",ImhS_ZTMYsM
1751,E' un tetto la mano di Dio,M. Giombini,,"31,32,8,9,13,17,52",1EL02u89wkg
2519,Ecco il legno,Marco Frisina,Cristo è nostra Pasqua,4,d0Kld4SuUJc
2284,Ecco il mio servo,Marco Frisina,,"21,26",cIpGh99N_10
181,Ecco il nostro si,Emanuele Fossi,,7,YQJyeqErUAo
2712,Ecco il pane,D. Ricci,Sei venuto dal cielo,26,nHQZHhbRf30
2425,Ecco l'acqua,Buttazzo - Dargenio,Esulta il cielo,"8,10",9cXr4L4K-g4
2280,Ecco l'acqua che sgorga,,,8,3xr3H6KFj6g
1864,Ecco l'uomo (Uomo della Croce - forma breve),Pierangelo Sequeri,,"31,4,10",mY_d628hlJc
1836,Ecco la serva del Signore,Marco Frisina,Salvatore del mondo,7,eakmIDhzNyc
184,Ecco la serva del Signore (v2),Marco Frisina,,"7,17",eakmIDhzNyc
183,Ecco l’Uomo,Pierangelo Sequeri ,E mi sorprende,4,t41odL-M5sM
1416,Ecco quel che abbiamo,Gen Verde,Accordi,26,Y4W3QWKOmYo
1542,Ecco quel che abbiamo (v2),Gen Verde,Accordi,26,Y4W3QWKOmYo
2056,Ecco Signore,Nino Mancuso,,26,gVknZyvub_A
185,Eccomi,Marco Frisina ,Non temere,"21,24,10,13,17,20",Gg_CRwPwog4
1655,Eccomi Gesù,Gen Verde,,21,Q4yTljPzIZs
186,Effonderò il mio Spirito,Marco Frisina,,6,rHgRVOa6wcU
2520,Effonderò il mio spirito,Recalcati Carlo,Esultanti cantiamo,6,dDpKUREFsYs
1606,El Shaddai,M. Card - J. W. Thompson - G. Focard,,"21,31,9",JcVrnvW9sew
1760,Eleviamo lodi al Signor,"Lidia Genta, Sara Taccardi, Davide Tatriele & Giorgio Ammirabile",,"21,32,9,14,15,52",6BdNPKimvhc
2724,"Eli, Eli, lamma sabactani",M. Giombini,Salmi per il nostro tempo - Il suo tempo,4,mdvawF7h5X4
2480,Eloì,Comunità Maria,,4,ME1zNQ80gKs
187,Emmanuel,Gen Verde,,"21,32,5",4WoY3wkGd5E
188,Emmanuel,M. Brusati/M. Labellarte/M. Mammoli/M. Versaci,,"21,32,5,20",V3D9ZTdNmr8
1739,Emmanuel è Dio con noi,Giosy Cento,,"31,3",lu_oGWbdqzA
1554,Emmanuel tu sei,Francesco Buttazzo,,31,OT-OoN-ONSc
1731,Emmanuele vieni tra noi,"Paolo Auricchio, Fabio Baggio",,"21,26,31,3",R1ZL_bYmSCg
189,Esci dalla Tua terra,Gigi Cocquio,,"32,16,20",56QlRaUrcyg
1887,Esulta il cielo,"Francesco Buttazzo, Pasquale Dargenio",,"21,32,5",R6Qxg-zyKus
2080,Esultiamo in Te Gesù,Francesco Buttazzo,,"31,32,5",mYlQ3enubOo
2623,Eterno Signor,"RnS - G.Sadler, J.Harvill",Risplendi Gerusalemme,"21,32,14,52",dOz_FPcrfp8
191,Evenhu Shalom,Tradizionale Ebraico,,30,AWePGSeapVo
1930,Evviva Rita!,canto popolare (musica di Noi vogliam Dio),,"21,32,10",MI6GnnHSu1Q
2394,Fa' che io creda,"RnS - De Luca, Conte",Io scelgo Te,26,RCquNBv0fik
2374,Facci sognare!,F. Ferrario,,"32,53",2j_8JjjndPU
1961,Facciamo festa,Giuseppe Tranchida,,"21,14",98dpIdS6-so
2811,Fame e sete di Cristo,Fabrizio Palma · Alfredo Di Stefano,Nella luce del Risorto,"26,28,31,4,5,17",yi_rMk8cM4o
2260,Fammi conoscere,P. Ruaro,,"21,31",WGWJOqVAh9E
193,Fede è,Don Franco De Marchi,,31,INfDNDju1LE
194,Fermarono i cieli,S. Alfonso,,3,rGZOl9qUiEE
1919,Festa con Te,Avolio-Capacchione-La Rocca,Festa con Gesù,21,pXipmfGYlP0
1816,Figlia di Sion,V. Nadalin,,"21,15,20",M1Gd8azVT10
2603,Figlio di Davide,M.P. Loiacono,Benedici il Signore,22,j6UoONZKLCA
195,Fissa gli occhi,Franco Costantini,,"31,9",NMWBFrFu0w0
1668,Fiumi di misericordia,RnS,,"21,31,9",GKwjFtAZ2BM
196,Fonti di Nazareth,Chiara Bizzetti,,5,vUOhl98MLuY
198,Fragile pane,Giosy Cento,,"24,31",YaKwyjLKzE4
199,Francesco vai,Chiara Bizzetti,,"16,20",6UaILKz_Xvg
200,Fratello Sole e Sorella Luna,Riz Ortolani,,"31,14",jSq7zvrrsCA
1600,Fratello Sole e Sorella Luna (semplificata),Riz Ortolani,,"31,14",jSq7zvrrsCA
201,Frutto della nostra terra,Francesco Buttazzo,,26,hF9namOkLoE
2404,Fuoco che consuma,RnS - Randy N. Wright,Shalom,"6,9",TbYrB4iP274
2145,Fuoco d'amore,S.Russotto - M.Cascione,,6,2FCzg6Iz204
2656,Gabriele tu,Giosy Cento,,"21,32,10",tTDI0qSPAsg
2604,Gerico Cadrà,RnS - R.Gillard,La mia voce sale a Dio,"21,32",AF1BN5U3IaA
1689,Gesù (Al mattino),Marvin V. Frey,,21,Lg8FNQLuUKc
2624,Gesù (invocazione),RnS - R.Magnabosco,,"28,31,9,10,11,12,20",wMb9MhgCMuU
2523,Gesù (mi perdonò),RnS,,14,QUPSb74bIR4
2625,Gesù (Pentecoste '81),RnS - S.Fioravanti ,Guarda al di là,"31,10,11,18",8DQO1FaOXyA
2148,Gesù caricato della croce,Daniele Ricci,,4,7DqarrWUwDk
2337,Gesù che sta passando,Figli del Divino Amore,,32,3a3GgAxcarg
1687,Gesù dolce musica,RnS,Davanti al Re,"9,52",1CcQWWAOhwM
1781,Gesù e la samaritana,RnS (A. De Luca - B. Conte),,"31,4,12",qsZ3gwW_sFc
1860,Gesù è vivo,RnS,,"21,32,5",7RGECxEYpUA
1597,Gesù gridò Mashalem,Cantàmmo a Gesù,,5,LqEzXYahFD8
2522,Gesù io desidero amarti,Daniela Saetta,La Tua parola mi incanta,"31,9",
1681,Gesù mio buon pastore,RnS,,21,zo_SekAs5ZY
1630,Gesù mori per me (invocazione),,,9,tR8MzbLk-YI
203,Gesù per le strade,Dusan Stefani Da Tradizionale Scout Francese,,4,rbvwFjU8e0o
2057,Gesù ricordati di me,RNS - Maurizio Colucci - Luciano Salvemini,,"25,4",-dWSbNp21eU
2654,Gesù ti adoro,Laura Gafforio,,"31,9",5GYNOygv-Ok
1688,Gesù t’adoriamo,Paul Kyle,,9,4gqnJZyYhxA
1969,"Gesù, Jesus (Medjugorje)",Regina della Pace,,"30,6,9,10,14",GLU1Cq7n8KA
2149,Getsemani,Daniele Ricci,,4,rrbzYpn0C_o
2564,Getta le tue reti,"Collu, Moro, Maxia",,"31,32,10",jgdNW0t1wNg
205,Gioisci Figlia di Sion,Gen Verde,Sulla via della speranza,"32,2,3,7",CdMfAsdFpxU
1578,Gioisci figlia di Sion,RnS,,"32,2,3,7",jbtR7ylZqI0
1627,Giorno di Pentecoste,Giosy Cento,,6,op08cAePvIk
206,Giovane donna,Luciano Scaglianti - Liliana Bancolini,,"32,2,7",v325wim3Ibo
2626,Giovani e Vecchi ,RnS - M.Watson,Anche gli alberi batteranno le mani,"21,30,32,10,14",jvShGPdf7sE
2107,Giovani orizzonti,I. Valoppi,,,rnzItELf_gc
2764,Giovani Orizzonti,Ivo Valoppi,C'è da non crederci,53,caP9rPCIk20
2003,Giovanni,Marco Frisina,Non temere,"21,31,32,2,12",R5TkDWVJi5E
2581,Girl On A Mission,Gen Verde,,7,7hsza1S_lrA
2110,Giù dai Colli,S. Rastello – M. Gregorio ,,"21,32,10,53",IgERvlCINpo
2077,Giullare dei campi,P. Pignatelli,,"32,10,15",dQFU4Ynaioo
2102,Giullare dei campi,P. Pignatelli,,"32,10,53",dQFU4Ynaioo
207,Gli angeli delle campagne,Noël,,3,wtCunFlJfpM
208,Gloria,Marcello Giombini,,23,2inSW_DKXlQ
210,Gloria,Giovanni Grazi - San Benedetto,,23,
1458,Gloria,Francesco Buttazzo,Vita nuova con te,23,9EMdVh1IMz0
2181,Gloria,Benedetti/Anselmi,,"23,3,5,6,10,14,15,52",WJKpNY7MmTw
2264,Gloria,Gen Verde - Gen Rosso,Messa della Concordia,23,WMMw9ggG2Sg
2265,Gloria,Berthier,,23,ZRAzX3fqD6I
2781,Gloria,Marco Frisina,Pane di vita Nuova,23,vSwC3R_p8uM
213,Gloria a Dio,Luigi Mariano,,23,KewJv-uYGLk
1584,Gloria a Dio,Pasquale Dargenio,Sorgente di vita,23,BdXTowIQmgg
1636,Gloria a Dio,Francesco Buttazzo,Esulta il cielo,23,BxoLt2bPuhg
1724,Gloria a Dio,Daniele Ricci,Gesù è il suo nome,"23,3",4giwnbQIyfk
1728,Gloria a Dio,Guglielmo Amadei,La nostra festa è Cristo,23,JtJ4fbTGwNo
1734,Gloria a Dio,Buttazzo - Scarpa,,23,JhYa72Mlu4c
1940,Gloria a Dio,V. Antonioili - R. Giorgi,,23,gKtTLNdXtfU
1957,Gloria a Dio,Salvatore Basilotta,,23,nC22oOfALQs
2179,Gloria a Dio,Gianlivio Bersigotti,,23,N_8gyW4zEvk
2454,Gloria a Dio,Giuseppe Tranchida,Con Voci di Gioia,23,I57AWJx0x4g
2524,Gloria a Dio,Fusari - Rossi - Carocci,,23,DKFgt6-PTzk
2628,Gloria a Dio ,RnS - S.Martinez,Ad una voce,23,oltLI_EgOfw
2756,Gloria a Dio,Paolo Auricchio,Rallegriamoci nel Signore,23,P-h6I_G_dhY
2799,Gloria a Dio - 2023,Daniele Esposito,,23,Kk3QIQ08WYA
1761,Gloria a Dio nell'alto dei cieli,F. Buttazzo - P. Dargenio,,23,ht1yDFKZ26c
2076,Gloria a Dio nell'alto dei CIeli,Daniele Ricci,,23,SkA3qEjKgDc
2176,Gloria a Dio nell'alto dei cieli,Francesco Buttazzo,Dall'amore di Dio,23,bhDLqwo5PHI
1830,Gloria a te,P. Ciardella,,"25,4",
1563,"Gloria a te, parola vivente","Daniele Semprini, Anna Maria Galliano",,"25,4",S2YOOg49nSU
1690,Gloria al re dei re,RnS,,"21,32,14",rzDU9ulooUI
2643,Gloria al Signore che salva ,RnS - D. De Santis - F. Frigiola,Voglio vedere il tuo volto,14,dIEgB-sv6nQ
1691,Gloria al suo nom,RnS,,21,C_MluxaZe0M
2235,Gloria delle campane,Daniele Esposito,,23,ZLibXV7D0zI
2128,Gloria di Medjugorje,Ricotta/Bunoza,,23,lASYbGxI7aU
1842,Gloria e lode a te,Marco Frisina,Salvatore del mondo,4,xmUvXv2GrWM
2805,Gloria GIFRA,GIFRA Napoli,,23,
1400,Gloria in excelsis Deo,Jean-Paul Lécot,,23,strUQQGtbhc
1819,Gloria in excelsis Deo,GenRosso - GenVerde,,23,ShsVThHp5kc
1965,Gloria in excelsis Deo,Stefano Mattii,,23,1d3g1NvlYdU
2025,Gloria in excelsis Deo,Lecot,,23,es2sdyT98cM
209,Gloria nell'alto dei cieli,Gen Verde - Gen Rosso ,Cerco il tuo volto,23,4TlehGtjlng
2292,"Gloria, Gloria a Dio nell'alto dei cieli",Antonio Parisi,Eucaristia cuore della Domenica,23,irB2QkHw-64
1694,"Gloria, gloria, gloria io l’ho incontrato",,,"21,32",mAA7-Cw0HRk
2597,Glorifica il Signore Gerusalemme,Daniele Esposito,,"21,24,10,14,52",6K-IT3rVrB4
1692,Grande è il Signore,Steve Mcewan,,"9,52",sZ8WNSDfVeE
2254,Grande è la Tua bontà ,RnS,,"31,14",4MeXA2ocsn0
217,Grandi cose,Gen Rosso,,"21,24,32,14",Jvp2zJUouOQ
2525,Grazie a Te,Comunità Magnificat,,9,iyILYyPHbeg
2453,Grazie Gesù,Giulia e Tommaso Fasano,Festa di prima Comunione,"31,10",JCWXU2p21QI
2526,Grazie Gesù,Francesco Biagini,,14,k2cIb1DcM4Q
1970,Grazie Padre Buono (Rns),RNS - 2015 Luce,,"21,22,9,10,11,52",mYakLZJVfdw
1848,Grazie Signore,Mascagni,,"31,32,10,12,14,15,16,52",WhF2Yw1_eHw
2629,Grazie Signore,RnS - V.Nadolin,Dolce è lodarlo,"31,9,10,14,17,52",kRgapQg-sbU
2780,Grazie Signore,Filippo Daino,,"31,9,10,52,54",K4FCwj5IVJ4
2758,Grida nuova umanità,Coro Tendopoli S. Gabriele,,32,jV9ZX8Edr0E
2527,Griderò,--,,14,
220,Guarda questa offerta,Gen Rosso,,26,A8IhV8RvXmc
1608,Guariscimi o mio Signor,Roland Patzleiner - Figli del Divino Amore,,"31,9",e7_MBc0yhMg
2152,Gustate e vedete,Marco Frisina,Pane di vita nuova,"26,31",JN9WTx9H75w
2355,Gustate e vedete,Ciravegna Dell'Orso,E' bello dal lode a Dio,"21,24,20",_fZhyRhYceA
2528,Hai dato un cibo ,,,"31,10",es9lKpu53ic
1881,Hallelujah (riadattamento cattolico),Leonard Cohen,,25,
2884,Hallelujah Cohen,"Leonard Coher, testo di Nando Misuraca",,10,xvvdy0X636Q
1763,Ho abbandonato,Aldo Roscio,,"32,4,52",Jy757ygWMMA
1693,Ho la pace come un fiume,Musicassetta Alleluia - Paoline,,"21,32",I17k9t2H8_M
1764,Ho lottato tanto in questo giorno,M. Giombini,,"10,13",rIZ2359vBMw
1695,Ho respirato il tuo sì,Giosy Cento,,"31,7",UutWaqhp4U8
2817,Hosanna ,Marco Frisina,TU SEI BELLEZZA,"21,4",uuUwY80QDXc
2532,Hosanna (versione italiana),Hillsong,,14,EgxlXkHK7fg
221,I cieli narrano,Marco Frisina,,"21,24,31,14",34tjGV7_rxQ
2218,I frutti che ci dai,Giuseppe Tranchida,,26,EgD5i_MWeIE
2168,I miei occhi elevo a te ,RnS,Ha vinto il tuo amore,14,K_hqvLb0FLA
222,I Tuoi passi,padre daniele ,,16,nuXAjKJo_A4
1585,Il 14 di Nisan,Roberto Mancinoni,,"31,4",WsHQaJSK0bc
2392,Il cantico dei doni,Fra Giuseppe Di Fatta,Viva immagine di Te,"26,54",GHlQpNE3zL4
223,Il canto del deserto,Piero Ciardella,,"31,15",iHQdPozISDo
1480,Il canto del mare,Marco Frisina,,"21,32",ikUhuknKHYA
1883,Il canto del mare,Marco Frisina,,"24,5",
225,Il canto della creazione,Giosy Cento,,"21,14",UmZMsOYQtUY
2304,Il canto della Resurrezione,Marco Frisina,Tu sei bellezza,5,QDHJU9XzZq0
224,Il canto dell’amore,Federico Russo,,"31,20",Vz2OZMG19V4
2315,Il cieco di Siloe,-,,4,
1825,Il Consolatore,SDV worship,,"28,31",3NwfXEErkas
2533,Il custode d'Israele (salmo 120/121),M. Franchi,,24,mxEctuD9ynE
2302,Il deserto fiorirà,Marco Frisina,Non temere,"21,2",WZ8GCddPj5I
226,Il disegno,A. Marani - Comunione E Liberazione,,"21,31,8,13,20",KIIsn62ohDY
2227,Il dono del saio,Cionfoli,,"22,28,31,4,9,10,11,12,14,16,20,52",xTjf4BI-AbA
1590,Il dono più grande,Pasquale Dargenio,Sorgente di vita,31,tk89LEWruYw
227,Il figliol prodigo,Vittorio Nadalin,,"21,17",c3oRLXMQXE0
1596,Il Figliol Prodigo (Abbracciami Gesù),Figli del Divino Amore,,"21,17",06d4D-Fzk38
2093,Il giorno più bello (La mia prima comunione),P. Tombolato/A. Di Mario,,"21,31,32,10",CfbUFlZAubo
228,Il giovane ricco,Claudio Chieffo,,"21,31,17",dvmhVwadLFQ
2370,Il Magnificat,Gen Verde,Gratitudine,"32,7",bjd5OCuf9vY
229,Il Mattino di Pasqua,Pierangelo Sequeri,,5,E7UYyUWTTj4
2209,Il mio canto sale a Te,Paolo Lo Martire RNS,,9,fQmOnN5Gmac
2052,Il mio posto,Daniele Ricci - Don Ottorino Zanon,,"21,32,14,20",JQC2DAxuvRs
1851,Il mistero,Bracchi/Sicari,,"31,2,4,7,9,10,11,12,13,14,15,16,20",vQ9TjxVk1qQ
1392,Il Natale del Signor (Titolo originale: The first Nowell),Anonimo (Canto tradizionale inglese),,"21,32,3",wcTA7RC9-2Q
1843,Il nostro cuore non si è perduto,Roberto Grotti,,"21,31,32,2,4,10,14,16,20",kBiGsbBzfNI
1665,Il nostro cuore offriamo a te,RnS,,26,DJhhcQ5LGWY
2160,Il nostro cuore offriamo a te (completo),RnS,,"26,2,5",DJhhcQ5LGWY
2534,Il padre che è nei cieli,,,"4,8",8jyB8cre3Nc
231,Il Pane del Cammino,Franco Motta - Pierangelo Sequeri,,"21,26,31,32",bjaWckUY05I
1393,Il Piccolo Tamburino (The little drummer boys),K.K.Davis,,"31,3",-A5A4XhRYrI
233,Il Regno di Dio,Marco Frisina,,"31,17",8HuNeAcsz1A
2790,Il seme,Claudio Chieffo,I cieli,"10,12,16,17",AFWGU_Jg25E
1822,Il seme del tuo campo,Gen Verde ,Messa della concordia,"26,11",40X0yHt8aIA
2360,Il Signore ci ha salvato,Roncari-Capello-Rossi,,"21,32,4,5,10",ambiloyj3bw
1555,Il Signore della danza,,,10,1C5McbR0q1s
234,Il Signore è il mio pastore,Davide Maria Turoldo - Ismaele Passoni - Bepi De Marzi,,"24,31",JYP678udLec
235,Il Signore è la Luce,Marcello Giombini,,31,rdQD6Td2aro
236,Il Signore è la mia salvezza,A. Marani,,"21,32,14,17",hYoJr1jamX0
2381,Il Signore è mio pastore  (Salmo 22),M. Valmaggi,Salmi per la preghiera,24,FdJaa_mTjWQ
237,Il Signore è vicino,---,,"2,9,17",jxOfyC2XOOg
1704,Il Signore è vicino,"Galliano, Semprini",,"21,2",8G4DT4vOuWY
1610,Il Signore ha messo un seme,Claudio Chieffo,,21,WhS7JTmSr9I
2568,Il Signore in eterno ,,,"26,10,13",6hdC4PqQId0
238,Il Signore mi guardi e mi benedica,---,,21,ucidkZTkWnM
2535,Il suo amore per me,Don Livio Tacchini,,"31,9",-nkZOZXmhxU
239,Il Tuo amore,---,,31,
2469,Il Tuo amore è grande,RnS,Venti dello Spirito,"31,9",jJrggKrvBXw
2305,Il tuo amore per noi,Piera Cori,,26,9aaxeabeNq0
1672,"Il tuo Corpo, il tuo Sangue",Luciana Leone - Salvatore Martinez,,31,MBlHzbDY6Qo
2583,Il tuo grande amore,Cammino di Santità,,"31,9",pJhweqC24NA
1926,Il Vangelo della terra,Andrea Testa,,"26,10",5du0mvIwEJE
2030,In cammino,Paolo Spoladore,,"21,10,14,16,20",4da8_PP7cEM
240,In comunione,Stefano Pianori,,31,EMH4PDL-Y5k
1978,In Eterno Canterò,RnS,,"21,31,32",LX-xjoxNqHU
241,In notte placida,Couperin François,,"31,3",ptkL8MHn9xk
242,In principio,Daniele Ricci,,"21,3",jsFibHveYW4
2717,In quei giorni,L. Scaglianti,Andiamo a Betlemme...,"21,3",UDKAkQJKMos
2242,In questo giorno di luce,Buttazzo,E' nato il Salvatore,"26,3",u2WVfT8iqS0
2473,In trasparenza,Gen Arcobaleno,,"32,7",-ie1_UO_XzU
2183,In una notte come tante,RnS,,3,WPhxL4QOIKU
2308,In unità,Armani,,26,hsrGjF9yEoM
2586,Incontro a Te,Luigi Mariano,Venite a Me,"31,32",D1YikThEnw8
2377,Incontro con Gesù,M. Emberti Gialloreti- A.M. Galliano,Incontro con Gesù,"21,31,2,3,5",
1974,Infinitamente Grazie,A.De Luca,,"32,9,14,52",fQo9hH2Zhnk
2006,Innalzate nei cieli lo sguardo,Albisetti - Martorelli,,"21,31,2",lHcob8FGOoM
1725,Innalziamo lo sguardo,Francesco Buttazzo,"Maranathà, vieni Signore","21,2",lE4ajzCUFaQ
2042,Innamorato di Gesu',canto popolare dell'america latina,,"21,32,10,14",
2127,Inno a San Giovanni ,,,"32,10",
2558,Inno a Sant'Isidoro Agricoltore,Grimoaldo Macchia,,"21,32",CtFPJrpy8HQ
1595,Inno al Signore della tempesta,Stefano Puri,,14,HUXQIJRawYU
1765,Inno all'amore,Debora Vezzani,,"10,15,17",egf81MYejak
1956,Inno all'amore,Piera Cori,,"24,15",742M7TULBnM
2306,Inno alla carita,Branca,,31,OXe-y2HsoX0
2737,Inno alla Parola,"R.Farruggio, V.Valenti",Da uomo a uomo,"21,31,17",q2GgtAvd53M
2599,Inno allo Spirito,Pino Bordini,Mi dichiaro per Cristo ,"21,6",Df8X0hr-vrc
1888,"Inno della Divina Misericordia (Gesù, confido in Te)",Padre Carlo Colafranceschi,,"21,28,32,5,9,10",NbCILKYESOA
2590,Inno di liberazione,RnS,Vittoria!,5,50tL7r9jX0I
2371,Inno GMG 2016,,,10,pLQbhtquBGI
245,Insieme a Te,Francesco Buttazzo,Alla tua festa,31,_1taK6Kc8gw
2537,Insieme come fratelli,Pierangelo Comi,,"21,52",fzvPEdSe57M
1556,Insieme è forte,Paolo Spoladore,,"21,32",
246,Insieme è più bello,Gen Verde,,"31,32",TqSOTegT2Jg
2776,Invoca il nome del tuo Signore,Comunità Gesù Ama,,"28,4,9,11,13,14",-DChAnhBc6Q
247,Invocazione allo Spirito,---,,6,
1412,Invochiamo la Tua Presenza,RnS,,21,IFAFqCqlbus
2726,Io amo te,S. Stacchiotti,Cristo è risorto,31,6zmFOOEjBIk
1766,Io con voi,Claudio Chieffo,,"21,32,10",cwHjusGXzHc
1678,Io credo in te Gesù,RnS - Reuben Morgan,Io credo,9,uH0nDhf6LLQ
2393,Io credo in te Gesù (v2),RnS - Reuben Morgan,Io credo,9,GMVZtZBRHWw
249,"Io credo, risorgerò",Gino Stefani,,"21,13",X9clLTZHcvQ
1355,Io dico il mio sì - Marco Guadin,Marco Guadin - Nuovi Orizzonti,,"21,26",X_VKYWaw694
2438,Io ho un amico,RnS,Sempre canterò,"32,10,51",iI0YYQirz7A
2373,Io ho una gioia nel cuore ,Canto popolare dell’America Latina.,RnS,"21,2,3,5,14,52",38wTq8ms47E
252,Io loderò il Signore,Matteo Calisi,,21,
2483,Io mi arrendo,ADI Media - Matt Crocker,,9,-XMDKz0m4ts
1972,Io Mi Arrendo (HillSong - I Surrender),HillSong,,"22,9,11",jHWAZIrV6eU
253,Io non sono degno,Claudio Chieffo,È bella la strada,31,6pb9LFGAM2E
2188,Io quante volte,Pierangelo Sequieri,,"22,11,12",9v4rs4-A2FE
254,Io sarò con Te,Marco Frisina,,31,oWtdlQAaOCE
1918,Io sarò con voi,Marco Gragnani - Giorgio Casini,,31,GB-93Or0Yy4
1767,Io scelgo Te,RnS,Venti dello Spirito,"10,15,20",akhS_jrYtdA
2354,Io sono il pane della vita,Lucio Maria Zappatore,Il Signore è vita,"31,2,3,4,5",jtFyO8nGGN8
2538,Io Ti adoro (Versione italiana),Hillsong,,14,j-0YLmZuNkA
2432,"Io ti amo Signore, mia forza Tu sei",RnS,Il deserto canta,9,8ZVRO9-Pv3g
1759,Io ti cerco,Sequeri - Belli,,"21,4",9shFqgM_OgQ
255,Io ti chiedo perdono,Marcello Giombini,,22,08zbpWd6Hf8
1768,Io ti offro,Marcello Giombini,La Messa dei Giovani (Messa Beat),26,pYcdTkiREAs
2283,Io ti seguirò,Giuseppe Cucuzza,,"32,4",43c_mpm9R_U
2785,Io ti seguirò ,Giuseppe Cucuzza,Canti di Lode e Adorazione del Rinnovmento dello spirito Santo,"31,4",43c_mpm9R_U
257,Io vedo il Re,RnS,,"21,31",7QfRRvqMpA0
258,Io vedo la Tua luce,Pierangelo Sequeri ,E mi sorprende,"31,3",YOhCW3aH7mo
1669,Io vengo a Te,RnS - Pietro Ferrante,Il deserto canta,"21,31,9",F0lNje7wt8A
2241,Io vi do un grande esempio,"D. Haas & Marco Deflorian, Marco Deflorian",,4,lFk0JxT9rFY
259,Isaia 11,C. Rossi - S. Carocci,,"2,17",3TIkahEqejw
2155,Isaia 62,Silvia Gardi,,"21,31,32,15,20",amu-_m4wRKM
260,Jesus Christ you are my life,Marco Frisina,,"31,14",K3jD3EWiRdg
2319,Joy to the world,Celtic Woman,,32,30OaM6b48k8
1723,Kol rina vishoua (Qol - rinna - wishua),Tradizionale Ebraico,,"32,52",gzNcI65L1mI
1755,Kyrie,--,,"22,11",
1996,Kyrie,"Mite, Balduzzi - messa Verbum Panis",,"22,11",RnHTcY9zpZw
2236,Kyrie 2019,Daniele Esposito,,22,IyX9sXwMRv4
1705,Kyrie Ekeison,Alessandra De Luca,,22,ojK6O37jV88
261,Kyrie Eleison,Marco Emberti Gialloreti,,22,O1VlQ9tVGmo
262,Kyrie Eleison,Giosy Cento,Messa delle Savane,22,NZABdoaE6QE
263,Kyrie Eleison,---,,22,
1834,Kyrie Eleison,Marco Frisina,Salvatore del mondo,"22,2",DqUPts8ApGU
2289,Kyrie eleison,Nella Casa del Padre - Riti di introduzione - n. 219,,22,
2032,"Kyrie, eleison",Rosangela Trovato,,22,YA9-y7kcYpM
2290,"Kyrie, eleison",TAIZE n.10,,22,WGsBsjksED4
1618,L'acqua della salvezza,A.Roncari - L.Capello,,31,lR9ZoB022o0
1773,L'addolorata,---,,"31,4",
2073,L'amore del Padre,RNS,,"21,31,4,11,12,13",wpgBSswZmpU
2596,L'annuncio a Maria,Daniele Esposito,,"21,31,2,7",GacR0-QmARk
2180,L'offerta,Daniele Esposito,,"26,4",rNIX9HwCOE4
1942,L'ultima cena,Andrew Lloyd Webber,,"26,31,4",
2429,L'ultima cena,Comunità Gesù Risorto,,"4,10",cHtVuDFEKMY
2743,L'uomo alla sua mensa,Movimento Eucaristico Giovanile,Sulla strada per Emmaus,26,W1EfRmqSIic
2317,L'uomo dei dolori,L. Scaglianti ,Un volto d'uomo,"31,4",CvgtFhV1Kdw
1762,La ballata dell'amore vero,Claudio Chieffo,,"10,15",nC27N0dOF80
2046,La barca,Figli del Divin Amore,,"10,14",i1oIEg6Jh64
1952,La canzone di Luciano,Bottan Boschiero,,9,JiYZ6wm8dIM
2591,La Casa,Gen Rosso,,21,Z5B15T-Fy9U
2592,La casa sulla Roccia,Gen Rosso,La vita di ogni cosa,"21,31",yj9TtmyjmaE
2857,La forza del tuo amore,Pietro Ferrante,Parola d'Amore,"31,11,12",8-rtIDDw0l4
2664,La giusta direzione,Davide Vigano,,"21,32",LnWzimILeZI
2727,La legge del Signore,Movimento Eucaristico Giovanile,Sulla strada per Emmaus,31,8AeCC4Dl3Bk
272,La luna,M. Castellacci R. Biagioli,Forza venite genti,10,3tO1yugqdHc
2674,La Madre,Gen Rosso,Se siamo uniti,"31,32,7",PEevxYV2vhM
2768,La mano nella tua,Pierangelo Sequeri,Qui dove Tu ci chiami,"26,31,9,10,11",mIk1dgAUotI
273,La mia anima canta,Gen Verde,,7,sMAvV-uv8J8
1939,La mia Pasqua è il Signore,R. Farruggio,,"21,31,5",vcREq6qlJvs
1587,La mia preghiera elevo a Te,RnS,Grazie,"21,9",DtAG3rt2v-4
1769,La pace del Signore,Francesco Buttazzo,,30,ZZIYGBjAzj0
275,La Pace Sia con Te,Gen Verde,,30,F8fEmCpn4N0
2645,La Parabola del Seminatore,REALE - A.Gallo,Come Nessun Altro,"21,31,9",1KY9eM9eAJs
1845,La pietra (salmo 117),Mascagni,,"21,24,28,31,5,10,14,52",HKgyVpQWMBs
1620,La scelta di Maria,Mario Clemente (Comunità Gesù risorto),,7,fpjKnvQwkiU
2647,La sua casa,Francesco Buttazzo,Guidati nel deserto,"21,10",aZB9J7PpAmicltm6
276,"La Sua, la nostra Messa",Gen Rosso,Noi veniamo a te,26,j8M9c3-XfOU
2540,La terra buona,--,,"31,17",dcIoaap-vuI
2269,La trasfigurazione,Marco Frisina,Non di solo pane,"26,31",6gU3t0nuHuw
2088,La tua anima è benedetta dal cielo,,,"31,32,7,15",
1623,La tua Croce,---,,4,jOXFIceOme4
2644,La Tua dimora,Daniele Ricci,La Tua dimora,21,BCwCh0io1K0
2086,"La Tua Parola, Signore",Pierluigi Belotti,,"25,4",McPSOK7Yew8
1948,La Tua presenza in me,Salvatore Basilotta,,9,sAgXKnF9_7s
2530,La vera gioia,Marco Frisina,Non di solo pane,"21,28,31,3,9,15,20,52",034LnZ8eMuk
2311,La vera vite,Marco Frisina,Pane di vita nuova,26,yvy-9GH-7ZU
2738,La vera vite,L.Scaglianti,Kerygma: l'uomo davanti alla parola,31,Pgek5MYv8LE
1771,La vita che nasce,F. Baggio,,"21,32,3,8,10",TLgJ_V2Z1iA
1581,La voce di Maria,Roberta Torresi e Paolo Bisonni,,7,pB-T5WICE4o
2541,Lascia che il tuo fiume,Renata Tosi & David Brian,,"21,14",q2_wzwZB_NM
2542,Lascia i tuoi pesi,Sefora Nelson,,"31,11",B4o9Wh2SjnM
2778,Lascia i tuoi pesi,Sefora Nelson,Spero,"31,5,9,11",B4o9Wh2SjnM
2600,Lasciate che i bambini vengano a me,Daniele Esposito,,"21,8,10",fvcDLr9G-5Q
1849,Lasciati fare,Claudio Chieffo,,"21,31,10,12,15",aa4m0AAJyx4
2142,Laudate Dominum,Taizè,,"21,14",mwRMT2_pi9c
1720,"Laudate, omnes gentes",Taizè,,"9,18,52",lbb-kaurSW0
278,"Laudato sii, o mi Signore",---,,31,Rla81AGiir0
2172,Le Beatitudini,RnS,Venti dello Spirito,"31,10",SNNglMPpkVI
279,Le mani alzate,Odette Vercruysse - Valentino Meloni,,26,
2405,Le mie mani son piene (di benedizioni),José Vargas,,"32,8,10,51",jVY2rYmG0ac
280,Le Tue mani,Marcello Giombini,Camminiamo nella speranza,"21,25,32,5",76DZuSXj01E
1558,Le tue meraviglie,"Chiara Casucci, Mite Balduzzi",,31,l2vWlp37UD0
2825,Li amò fino alla fine,C. Burgio ,,"25,4",v2ojzmb9Ngg?si=xzyww5FZNt9ZslQ2
282,Lo Spirito del Signore,Marco Frisina,,"21,6,17",wy2g6aSREag
285,Lodate Dio,Gen Rosso,,"21,32,14",T6sJgjfK-qo
2740,Lodate Dio,M. Mellino,Sono giovane Signore,"21,14",Q4_I0FB-FAQ
2741,Lodate Iddio,G. Cento,È il girono del Signore,"21,14",CyJsPlWT7PM
2322,Lodate il Signore dai Cieli,Marco Frisina,Benedici il Signore,25,dxYvkPpwXS8
2406,"Lodate, lodate",Vittorio Toscani,Cantate al Signore un canto nuovo,"21,32,9",CuuAt1KlvsQ
2742,Lode,Movimento Eucaristico Giovanile,Sulla strada per Emmaus,"21,14",T_gE9ZFXcBw
2255,Lode a te o Cristo,Marco Frisina,O Croce nostra speranza,"25,4",0EhVqAB1C88
2273,Lode a te oh Cristo,,,"25,4",
288,"Lode a Te, o Cristo",Gen Verde,,25,IJetjvctQwM
503,Lode al Nome Tuo,RnS,,"21,9,10",fsdt3_akU_0
2388,Lode alla Trinità,RnS,Risplendi Gerusalemme,"14,19,52",8SNKs3YGERg
1588,Lode e Gloria,Paolo Spoladore,Dacci Pace,"23,24",3zvarhz2k9U
290,Lode e gloria a Te,---,,"24,25,14",
2630,Lode e Gloria al tuo nome,RnS - E.Baranger,Benedici il Signore,"21,32,14,52",mkR3GFJY3AQ
2614,Lode e onore a Te,Daniele Esposito,,"25,4",_q5fVwBVf6E
2391,Lode ed esortazione,Fra Giuseppe Di Fatta,,"31,9,12,52,54",w1eVSZtDZ5U
1896,Lode gloriosa,SDV worship,,31,
467,Lodi all'altissimo (Tu sei Santo),Marco Frisina,,31,yfC285eSiXU
291,Lodi di Dio altissimo,---,,"31,14",p4he2yrMMiY
502,Lord I Need You,Matt Maher,,"21,15",LuvfMDhTyMA
504,Luce,RnS,Luce,,bZVHm-iDJv8
1908,Luce,Reale,,"31,32,3,10,20",
2112,Luce,Rns,Luce,"21,31,32,3,5,10,12,15,16,20,52",Hk0tgrr5mHI
1944,Luce che sorgi nella notte,Francesco Buttazzo,E' Natale ancora,"21,3",FQVguXqfOtE
2173,Luce di Dio,A. M. Galliano; R. Farruggio,,"21,31,32,5",Pqv4nnGD_vA
2796,Luce di miei passi,Pierangelo Sequeri,,"25,4",HSQ_6aI0oYo
292,Luce di verità,G. Becchimanzi - S. Puri - C. Giordano,,"21,6",
2271,Luce Gentile,Maurizio Fiaschi - Achille Tronconi,,"31,2,4,12",didb5HV4j-E
2613,Luce in Noi ,Francesco Buttazzo,Esultiamo nel Signore,"21,2,4,5,10,16",YHJ-rjfB9RY
2104,Luce per noi,Oratorio Salesiano di Arese,,53,FShjTcWMuRY
2544,Lui ci ha dato i cieli,Claudio Chieffo,,"32,10",-hZwUeS4qW8
293,Lui verrà e ti salverà,Bob Fitts - Gary Sadler,,"21,31,32,2,4",g3filJMchMY
1557,L’acqua la terra il cielo (in principio),,,"10,51",49S_dRor2KE
264,L’acqua viva,Marco Frisina,,"8,17",W41QOKI20qE
266,L’anima mia magnifica il Signore,A. Innocenzi - A. Masacci,,"2,17",UTagWPxOtYc
267,L’unico maestro,Mattia Civico,,16,EPIi8vjmom8
268,L’uomo nuovo,Juan Antonio Espinosa,,"31,32,4,12",r31LIvPfb50
1850,Ma non avere paura,Claudio Chieffo,,"21,32,2,3,4,10,11,12,14,15,20",vGfA6Z7wgsg
2013,Madonna nera,Jan Dobraczynski - Padre Adelfio Cimini,,"32,2,7,9,10,11,13,14,52",JfB9XLu2mtg
1609,Madre del cielo,Roland Patzleiner - Figli del Divino Amore,,"32,7",IHv3VLZ7KUw
294,Madre della speranza,A. Lagorio,,7,O5AL7CjejIk
1628,Madre dolcissima,Gen Rosso,,7,5TqndHiAru4
2078,Madre fiducia nostra,Marco Frisina,,"32,7",AAkAsRX4Bv8
295,Madre io vorrei,Pierangelo Sequeri,E mi sorprende,"4,7,13",A1mXFg9sUo0
1721,Maestà,RnS,Davanti al Re,"21,9",2BypEohTTKA
2228,Magnifica il Signore anima mia,Guglielmo Amedei,,"32,2,7,14",OPPK39U_Ev4
2320,Magnificat,Marco Frisina,Non temere,31,xfPFworDwG0
2314,Magnificat - Mina,Marco Frisina,,31,e410OlByoE8
297,Magnificat ’86,Gragnani - P. Cilia,,"31,2,7,17",vmaIvtnNBH4
1802,Mai più ,SDV worship,,"28,31",cCrk4rXjjyk
1577,Manda il Tuo Spirito,RnS,,6,8a2IEWzOfRE
2546,Manda il tuo spirito ,Marco Frisina,,6,KDNkxKLknAQ
2278,Manda il Tuo Spirito Signore,Francesco Buttazzo ,Vieni soffio di Dio,"21,24,6",BVCT3wQe_JI
298,Mani,Fabrizio Colombo,,"26,32,16",FexZCiC8SJw
2027,Mano potente,RnS,,"31,16,20",93OhQlCzhAg
2002,Maranathà,Marco Frisina,Non temere,"21,26,31,2",JgxlheZtsxY
300,"Maranathà, Vieni Signor",RnS - Christian Gonzales,La mia voce sale a Dio,"21,2,3",hfCUK1ERFEI
2474,Maria,"RnS - Pecoraro, De Filippis, Salvemini",Voglio vedere il tuo volto,"21,32,7",3psmnXP9YnE
1993,Maria (Quando l'amor),Gen Rosso,,"21,32,7",4d9El038smA
2547,Maria piccola Maria,Kiko Arguello,,7,MG6YGT7XZ50
2171,Maria porta dell'avvento,"Anna Maria Galliano, Daniele Semprini",,"26,2,7",TEgOAJ_El14
2262,Maria speranza nostra,Matteo Zambuto,Maria speranza nostra,32,BCh3xGkWRZ0
2055,Maria tu prega,Francesco Cioffi ,,7,h-ig0ynZcc0
2014,"Maria, Maria (Piccola fanciulla)",N.C.,,"32,7,9,14",
1624,"Maria, sei l'unico fiore",Figli del divino amore,Ti prego abbracciami Gesù,"32,7",H-VOQ_VgXDc
302,"Maria, tu che hai atteso",Daniele Semprini,Preghiera a Maria,"32,2,7",TpRxWU6ojlY
1869,"Maria, tua dolcezza",RnS,,"32,7",oehuZNY8-Yg
303,"Maria, vogliamo amarti",Gen Verde,Sulla via della speranza,"31,7",tLt1M47mGC8
2201,Meraviglioso,Kantiere Kairòs,,"31,9",k3lmt4kV6bc
2457,Meraviglioso sei,C.G.S.,Leone della tribù di Giuda,9,eBDQ_ovCqRg
305,Messaggio ai giovani,Pierangelo Sequeri ,In cerca d'autore,"21,20",SzGCzzzp8a0
1677,Mi affido a te,RnS,,9,UgKZEmeV7KE
1756,Mi alma canta,Gen Verde ,Sulla via della speranza,"32,2,7",Aw7kiTpQCio
2861,Mi ami tu?,Salvatore Martinez,Mi ami tu? RNS 2022,"31,10",gyU7-2fnJO4
306,Mi arrendo al Tuo amore,RnS,,11,5MqURreias0
1752,Mi basta la tua grazia,RnS (G. Sanfratello - G. Cucuzza) ,,"31,32,52",MLW5Dz0Bnmw
2800,Mi hai amato per primo,RnS,Mi ami tu?,"32,14",6g30zD4EErM
1639,Mi perdo nel tuo amore,RnS,Mi Salverai,"31,9,52",CVdiOqoKn1w
1599,Mi rialzerai,Giorgio Ammirabile,Canzoni D`amore Al Padre Vol. 3,14,Lgca7x-7Uzk
2163,Mi sentii pieno di gioia (Salmo 122),Lauro Zuffolini,,"21,24,2",091962VkPoI
307,Mia forza e mio canto,Pierangelo Comi,,"14,17",lhWpwbUTchk
2424,Mio rifugio sei tu,Nicola Montuori,Ninna nanna a Gesù 2020,"9,10,52",qa25QBAC0rs
1964,Mira il tuo popolo,Tradizionale,,7,cQOswT1rM9Q
2058,Miserere mei,Marco Frisina,,"22,4",oeBMiJT9EXE
2074,Misericordes sicut Pater! (Inno dell'Anno Santo della Misericordia),"Paul Inwood / P. Eugenio Costa, S.I.",,"31,4,5,6,12,18",OgOitVtAgXA
1738,Misericordia sei,Salvatore Martinez,,"31,4,11,12",
2397,Misericordia sei,RNS - Salvatore Martinez,,"31,9,11",-XVzdXanFSo
1829,Misericordias Domini,Henryk Jan Botor,,"26,32,4,14,18,52",1f-ajE9k5Is
2010,Mistero della Fede,,,28,CgfcqgllUPE
2786,Muovi le montagne,RnS,Parla al mio Cuore,21,3lQeWQFdhWA
1565,Musica di festa,Ernest Sands - Paolo Iotti,,"21,32,10,15",B1ToVClFayo
2299,Narrano i cieli,Valmaggi,,"21,24,32,3,5,52",Xgv_nreJX8Q
314,Nasce l’amore,Gen Rosso,,3,r-Q9lEpLZkI
2550,Nascerà,Gen Rosso,,31,2umvrdWyYgo
1543,Nato per noi,Meli - F. Gruber - Picchi,,"21,26,31,3",
315,Nei cieli un grido risuonò,Gino Stefani - Greiter,,"21,5",1YWB2ztVVk4
1383,Nel nome del Padre,R.Paulo,,21,wkzhZu1eBkM
2552,Nel nome di Gesù,Darlene Zschech,,14,aV9cP5gWG6Q
1910,Nel Signore io ti do la pace,A. Costa - S. Varnavà,,30,84PLHM1ko80
2336,Nel tuo cuore sia la pace,D. Scarpa-F. Buttazzo ,Vieni soffio di Dio,"30,32",JVNkiDXoDQ4
316,Nel Tuo silenzio,Gen verde,Come fuoco vivo,"31,52",MTbJK2Cu-xk
1924,Nella Chiesa del Signore,Michele Bonfitto,Sei grande nell'amore,21,nJZdikQPt7w
317,Nella luce del Signor,RnS,Shalom,6,fZwY4SNQQRU
1453,Nella Tua presenza,Daniele Ricci,,"28,31",WextjtnVp8c
318,Nella Tua tenda,Giuseppe Carrisi,,31,iuD4ZzY3vLc
319,Nelle mani della Creazione,Giosy Cento,,26,1PQi7UZNjgo
2782,Nelle mani tue,Gen Verde,,"21,32",qJh6HCNo79o
2399,Nelle tue mani,A. De Luca - B. Conte,RnS - Nelle tue mani,"31,2,3,4,9,10",Zo6CuMpR_c8
1454,Nessuno è come Te,Lenny LeBlanc,,"22,26,28,31",njTN4cMmHo0
2559,Niente ti fermerà (Magnificat),Gen Verde,,7,Soe76XqhzUQ
320,Ninna Nanna,---,,3,
321,Noi canteremo gloria a Te,Gino Stefani - D. Stefani,,"21,32,14,19",beOpc0kvk0c
322,Noi con Te,Francesco Buttazzo - Alessandra Beltrami,,26,FPm6gt3zPM8
323,Noi crediamo in Te,"Valentino Meloni Dal Canto Africano ""Kumbaya""",,"21,32,14",
1407,Noi ti diamo gloria,---,,"28,31",H93SearWnjM
2403,Noi t’invochiamo,F.G.Pesare,,6,rgplGCJAqaU
324,Noi veglieremo,Domenico Marchetta,,"2,17",jx7E62TpIR0
325,Noi veniamo a Te,Francesco Buttazzo,,21,Pym_tk0twHw
2434,Nome dolcissimo,Padre Andrea Castelli ,Classici Mariani Vol. 1,"32,7",aaRFELnu-Ok
2551,Non c'è nessuno che,Rinnovamento Carismatico Cristiano,,"31,9",WCG0cdRzPzM
326,Non cercate tra i morti,Angelo Lagorio,,"32,5,17",edRuRWlCMHE
2329,Non cercate tra i morti,Francesco Buttazzo,,5,l8yu6iXJfXM
1775,Non mi abbandonare,L. Scaglianti,,"4,11,13",nzILBiAVGds
1389,Non per forza,---,,"22,24",O1HZT01UGmU
1467,Non più due (Buttazzo),Buttazzo,,31,PpuOL1WRI3M
2372,Non sei più tu che cerchi me,RnS - A. Napolitano,Il deserto canta,"21,31,4,9",F4C_jtS-nII
1674,Non sono più io che vivo,Stefano La Porta,,"31,52",_45-2Dr9dQ4
2270,Non sono più io che vivo,RnS,Misericordia sei,31,_45-2Dr9dQ4
1862,Non Temere,Marco Frisina,Non temere,31,WiO10LM4PQY
2297,Non vivo più per me,RnS,,"21,31,32,4,5,11,12,14,52",75aU18-KnYw
327,Nostalgia d’una sorgente,Giosy Cento,,"21,11",HjXlMvgwuR4
1564,Nostra gloria è la croce,Marco Frisina,,"21,4",hojAhQHmQMM
2798,Nostra gloria è la Croce,Dargenio,,4,m98e_bqnpys
2011,Nostra Signora della speranza,Paolo Spoladore,,"32,7",GsetkoAiapE
2735,Notte di Luce,F. Rainoldi - J. Akepsimas,,"21,31,3",DjK6_1HTYLw
1966,Nozze a Cana,RnS,,"21,32,15,17,52",yUF5sbj7MCE
1626,O Amore Ineffabile,Marco Frisina,,31,T03wmoGQJHs
2653,O cieli piovete dall'alto,G. Filippucci,,"21,2",0zOEl5wV2S8
2000,O Croce Fedele ,Marco Frisina,,"31,4,5,9",YTpGbFpxjxg
2287,O Dio tu sei il mio Dio,Marco Frisina,Tu sarai profeta,26,7Ss8-mRlInA
329,"O Dio, Tu sei il mio Dio",Marco Frisina,,24,7Ss8-mRlInA
2368,O dolce legno,Antonella ed Elisella Martinelli,,"4,9",I-rIV4uwO7o
1962,O fiore di grazia gentile,Canto popolare molfettese,,"32,7",iqmdDiWVVjc
2177,O Gesù mio amabilissimo,Daniele Esposito,,"28,31,9",sx9_Ikueg84
1991,O madre del signore,Rns,,"32,7",Bu301OvL2yM
331,O Maestro (San Francesco),Paolo Spoladore,,"31,32",Z3wyBIaolpg
1921,O Salvezza del mondo (Inno Madonna della Catena di Cassano Jonio),F. Pennini - F. Spingola,,"21,32,7",DcXsoC35PcY
2794,O Signore nostro Dio,Marco Frisina,Non Temere,"21,31,4,5,15",SKrRIFda5mo
2395,"O Signore, raccogli i tuoi figli",D. Stefani - V. Meloni,Nella Casa del Padre,"21,10",7Y_LS3TPkA0
1621,Occhi di cielo,Comunità Gesù risorto,,7,mOxH2kigi8c
2256,Oceani (dove i miei piedi possono fallire),Hillsong,,"31,14",W251tJ42igI
2338,Oggi ci hai chiamati,Giuseppe Tranchida,Resta con noi Gesù,"21,10,17",cXdCaz1derQ
2353,Oggi è Festa per noi,Avolio-Capacchione-La Rocca,Festa con Gesù,32,x2920xT3f7A
2124,Oggi è giorno di festa,"M. Muolo, M. Palmitessa",Riuniti nel tuo nome,"21,52",NxTNlpL58SM
2023,Oggi è nato per noi,Buttazzo,,"24,3",AVbgYHlcPTg
335,Oggi ti chiamo,Pino Fanelli,,"21,20",fTSQlB1hTnI
337,Ogni mia parola,Gen Verde,,"21,17",sT1ueZpSuxo
2215,Ogni volta che mangiamo di questo pane,Marco Frisina,Pane di vita nuova,28,TUCc7PkxyhE
2369,Oh Maria quanto sei bella,Popolare,,"32,7",8ka7BI_ThBE
2277,Olio di Letizia,C.Giordan - G.Becchimanzi,,"21,31",Lj09sdqBA2M
2132,Ora che il giorno finisce,Pierangelo Sequeri,,"11,52",Rsc0_3ZrqxY
2595,Ora che sei in mezzo a noi,Gianluigi Serapiglia,Davanti a Te,31,hkzeyvYMeCg
2553,Ora che sei qui (Now That You're Near),Hillsong ,,"21,14",yI_dguDpCVg
2554,Ora e per sempre (Over and over),SDV worship (Paul Baloche),,"21,6",140_hNosWJQ
339,Ora è tempo di gioia,Gen Rosso,,"31,5,16",_RVb4knVC9Q
1838,Ora lasciateci cantare,Pierangelo Sequeri,,"31,5",9_dXsD7Upow
2555,Ora si può,Don Mario Costanzi,,"32,10,16",
1776,Osanna,RnS,Venti dello Spirito,"21,32,4,5,10",QtwBxMaGjD0
2342,Osanna,RnS,Come Davide,"21,32,5,9,14",yR73PoiiIjg
1865,Osanna al Figlio di David," A. Gazzera, P. Damilano",,"21,4,10",WMRuowq3nko
2332,Osanna al Figlio di David (v2),Musica: P. Damilano - Testo: A. Gazzera (1959),,"21,4",NPafLS9QHH8
2556,Osanna all'Altissimo,Carl Tuhie,,"21,14",AOauKnX3GxA
2034,Osanna cantiamo al Signor,Salvatore Basilotta,,27,vAPpzoDuuh0
2437,Pace,Rita Mazzocco,Celebriamo la nostra speranza,30,EbAB6ghGZhU
344,Pace a te,Marcello Giombini,Camminiamo nella speranza,30,o9OKvdTcqZI
345,Pace a te (Nel Signore io ti do la pace),A. Costa - Stefano Varnavà,,30,84PLHM1ko80
347,"Pace sia, pace a voi",Gen Verde,Come fuoco vivo,"30,32",Ga9OYuovxio
2316,Padre m'abbandono a te,Charles de Foucauld – G. Caporilli,,"26,4",
1782,Padre mio,Gen Rosso,Dove tu sei,"22,31,4,11",KYGvctNw21o
352,Padre nostro,Marcello Giombini,Camminiamo nella speranza,29,ZniLDGaOCwM
1706,Padre Nostro,Pino Sanfratello,,29,zcb73-wHniM
1783,Padre Nostro,Francesco Buttazzo,,29,4TbLW6nmFNA
2418,Padre nostro (testo adattato nuova liturgia),Marcello Giombini,Camminiamo nella speranza,29,SRrs7O27wK4
350,Padre nostro di San Andrea (the sound of silence),"Musica da ""the sound of silence"" di paul simon",,29,fM4BsE5iKt4
2108,Padre nostro non abbandonarci,Benedetti - Anselmi,,29,g9IEhGllng4
353,Padre perdona,Gino Stefani Da Canto Gregoriano,,"21,4,11",RYszE486Vug
1722,Padre ti preghiam,Rick Ridings,,"21,30",W86STkQDwQU
2101,"Padre, Maestro ed Amico",A. Lagorio,,"21,26,32,53",UD-OCNBgcg4
1604,Pane che non sei più pane,D. Deo  M.Chiudina,,31,ghYjq0mIhD8
355,Pane del cielo,Gen Rosso,,31,TCp7ociVfvU
2455,Pane della vita,Giuseppe Tranchida,Con voci di gioia,"26,10",wHwd8M2E_AQ
1785,Pane di vita,F.Marranzino-F.G.Pesare,,31,XRm86zkOCL8
500,Pane di vita nuova,Marco Frisina,,31,2TjvpY5dqTU
2487,Pane e vino ti offriamo,M. Palmitessa,Ora sei con noi,26,-h27hWgNfto
2261,Pane per noi spezzato,C. Walker - M. Deflorian ,,"31,4",xMCJNtdQwxw
1657,Parla al mio cuore,RnS,Parla al mio cuore,"31,14,20",WdXnwqJZhqY
2697,Parole di vita,Pierangelo Sequeri,,"25,17",PpXox2XelvA
2224,Partirò,Padre Daniele Badiali,,"32,10,12,16,53",bEcAxlniZXw
2266,Passa ancora in mezzo a noi,RnS,Fuoco d'Amore,26,Wtr-lw8go8g
2356,Passa questo mondo,Domenico Machetta,,32,rg6U7jMTkg0
2876,Pellegrini di speranza,"P. Sequeri, F. Meneghello",,32,xQNCSeykhFk
1786,Pentecoste,De Lazzaro-Manzari,,"10,20",Uu0mt8mYKO4
2752,Per accendere in cuore la speranza,"Nico Dal Molin, Pierangelo Ruaro, Sereno Ruaro",,"31,5,6",
2557,Per sempre canterò il tuo nome,Cammino di santità,,31,lwx4UH004Vk
1787,Perchè la vostra gioia sia piena,I. Valoppi,,"32,15",YEY4De0bC94
359,Perchè Tu sei con me,Gen Verde,,"24,14",Ja9I81E1NLQ
2051,Perdonami ancora,Paolo Martinelli,,"21,4,11,12",UK2kQjQyP8k
1852,Perdonami mio Signore,Claudio Chieffo,,"21,22,4,11,12",eD7uk0NkAzQ
2560,Perfetta letizia,Castellacci,Forza Venite Gente,54,RLiBiI9pVkc
2650,Pietre vive,Francesco Buttazzo, Chiesa del Signore,"21,10",2jvxTf6gOu0
361,Popoli tutti acclamate,RnS,,"21,31,32,14",9jxXJ79BFSU
2063,Popolo mio,Marco Frisina,,"22,26,31,4,5,9",W6o7OTGYXsw
2178,Porta le nostre preghiere,Daniele Esposito,,"32,7",AwsCJZD3b0A
1737,Potente sei mio Signor,RnS,,14,dyyQpFHLMms
1879,Preconio Pasquale,Kiko Arguello,,"21,5",
2087,Preconio Pasquale,Fra Giuseppe di Fatta,,5,5QKwhomm0G8
2268,Preferisco il paradiso,"San Filippo Neri, Marco Frisina",,32,M1xTY0XwP2E
362,Preghiera,Pino Fanelli,,"26,31",vR9X9jO5Zo8
364,Preghiera dei poveri di Yahvè,Kiko Arguello,,"2,4",u0J7lNU5oII
365,Preghiera semplice,---,,30,T-bMkXvoFKU
1853,Prendete e mangiate,Pianori,,"28,31,2,4,5,9,10,12",05kNtVWOdFc
368,Prendi la mia vita,RnS,Davanti al Re,"31,9,13",cyCPsZlWwU0
2649,Prenditi a cuore,,,"32,10,16,20",
2165,Prepariamo la via,"Pasquale Dargenio, Matteo Zambuto",,"21,2",jeXNXBlGhtk
1726,Prepariamo la via al Signore,Francesco Buttazzo,"Maranathà, vieni Signore","21,2",pPkha6utNBU
505,Prima Corinzi 13,Guido Meregalli,,,7Gum6ktqoLQ
2679,Prodigio d'amore,RnS - Dante Balbo,Luce,"31,9",tgJn1qioiuw
2445,Proteggimi o Dio (Salmo 15(16)),Alberto Galotta,,"24,5",RTHo6joY1MM
1788,Purificami o Signore (Salmo 50),A. Martorell,,"24,8,11,13",Tvmyj_Exujw
370,Quale gioia,Matteo Calisi - John Bagniewski,,"21,24,32,13",oMlN3Yttg44
371,Quale gioia (è star con Te),RnS,,"21,31,32,14",T2lHJ19nrmA
1789,Quando busserò,M. Giombinni,,"21,10,13",djhEO3qbHdI
1790,Quando cammino per il mondo,M. Giombini,,32,ca4qoOhMxR0
1673,Quando guardo alla tua Santità,RnS,,9,pB6xPs1nTcQ
2415,Quando lo spirito ,RnS Margaret Evans,Spirito Santo Vieni!,"21,32,9",h6boHiv50V0
1791,Quando nasce un bambino ,Marcello Giombini,Cantata del Terzo Mondo,"21,32,3,8,16",XrU2AFOcTcM
2486,Quanno nascette Ninno,Sant'Alfonso Maria de' Liguori,,3,l0ruP0TTTPI
2174,Quelli che amano te,Gen Rosso,,26,eGOnZJxYhpY
2120,Quello che Dio dice di me (versione italiana),Hillsong,,"32,10,11,12,14,16",wB5SGy3-leI
1455,Questa è la mia fede,Daniele Branca,,"21,32",gUr63N1JtdE
1904,Questa famiglia ti benedice,Marcello Giombini,,"21,10,12,52",SHbvPY9TICk
2340,Questo è il giorno,Giuseppe Tranchida ,Resta con noi Gesù,"21,31,10",dS1yfGUS2Gg
1895,Questo è il giorno fatto dal Signore ,RnS,,"21,24,31,32",
376,Questo è il mio comandamento,Marco Frisina,,"31,17",GpWbHepCdls
1702,Questo è il mio corpo,Janet Lunt,,31,1oU-F5CMais
2059,Questo è il tempo,Daniele Semprini - Anna Maria Galliano,,"21,4",zL38oQKpIuo
2341,Questo pane spezzato,Giuseppe Tranchida,,31,igN1nkpIIyU
2856,Qui con Te,Jappo & Manu,,"28,31,9",EoR1rPdmMBY
2593,Quì è la vera e perfetta letizia,P. Gennaro Becchimanzi,,"32,10,54",6clnFSSzodg
1937,Rallegratevi,Marco Frisina,Salvatore del mondo,5,BafSx44d5Yk
1730,Rallegrati Gerusalemme,Marco Frisina,,"21,4",u2oilYfIc9w
377,Rallegriamoci,F. Baggio - F. Buttazzo - M. Zambuto - P. Auricchio,,"21,32,3",ACSaz6hnuWM
1566,Re dei Re,RnS,Dio dell'impossibile,14,9zbbr_GHXSo
2584,Re dei re (osanna),SDV worship,Apri i cieli,"21,31,32,9",7R2HJ58mkNo
378,Re di gloria,F. Marranzino/A. De Luca,,"31,32",qN7IX3-Z0wo
1700,Regina caeli,Janet Canto Gregoriano,,"32,7",yzMa0qzwagA
2079,Regina dei cieli,Sconosciuto,,"32,5",UaRjL-m4sdM
1603,Regina della Pace,Letizia Centorbi,,7,pRi2BLYq0XI
379,Rendete grazie,RnS,,"31,9,52",nHtZ_GGeSKY
2681,Rendiamo grazie a te,Daniele Scarpa,,26,
1894,"Rendo grazie al tuo nome, Signore",Ciardella P.,,32,
380,Resta Accanto a me,Gen Verde,,32,ji4xk-YIgoo
1792,Resta con noi,Domenico Machetta,Sei con noi uno di noi,32,2ELEaLpK22g
2321,Resta con noi,Marco Frisina,Tu sei bellezza,26,UX1C-3v6OPY
2444,Resta con noi Gesù ,Avolio-Capacchione-La Rocca,Festa con Gesù,21,tHajxXxahJU
382,Resta qui con noi,Gen Rosso,,"32,5,17",AyPDx-w7nKw
1958,Resto con te,Gen Verde,Il mistero Pasquale,"31,4,9,52",1321OwwtHY0
383,Resurrezione,Gen Rosso,,"21,32,5",eK8Z2VMTSp4
2616,Resurrezione,,,"31,5",dchMT-HU3hA
2016,Riempici di Te,Spoladore,,"22,4,9,10,11,12",7pmeNQW1pYw
1396,Rimanete in me,RnS,,31,OPHcpzxIC9c
301,Rimani con me,Compagnia Aquero,,7,Ju8QKH3VV8k
1872,Rimani con noi,RnS,Ti seguirò,5,j8iZMp-iMj0
2420,Rimani con noi ,Michele Bonfitto,,"31,32",7A6309X6oD8
2323,Risplendi Gerusalemme,RnS - B. Conte - G. Ferrante,Risplendi Gerusalemme,"21,26",Qmfg2Y4_ArU
2092,Risuscitò,Kiko Arguello,,"21,25,32,5,9,12",GFESE8ZXcqk
2750,Riuniti nel suo nome,Zardini,,"29,52",CUVi2y0f8uo
2324,Roccia di fedeltà,"RnS - Branca, Ciancia",Mi affido a te,26,Guo-5tDqxvQ
388,Ruah,RnS,Davanti al Re,"6,9",K8hHrI_lZKw
2563,Ruah,RnS,Davanti al Re,6,uFc-BHb_gHA
2565,Sacro torrente,Don LIvio Tacchini,,"31,9",ZYW_9wDuErY
2099,Sai fischiare?,Verdi Note dell'Antoniano,Estate Ragazzi con Le Verdi Note dell'Antoniano,"32,10,53",syyrdbH7Ha8
1622,Saldo è il mio cuore,Marco Frisina,,31,cG_-iab1xcI
2364,Saldo è il mio cuore Dio,RnS,Vittoria!,21,J09gRZlBDgE
2456,Salga da questo altare,S. Albisetti - L. Picchi,"Rivista ""Psallite! Musica e Liturgia""",26,T3P1RM65yCI
2633,Salmo 50 ,RnS - V.Bettelli ,Eterna è la sua misericordia,"31,9,11",jrTyTLsTVsM
2721,Salmo 8,Guido Meregalli,,24,1JSFFVarUNg
2210,Saluto alla Vergine,San Francesco d'Assisi,,"21,31,32,2,7,10,18",0eNOXqGpx3g
1840,Salvator Mundi,Marco Frisina,Salvatore del mondo,4,_FORNvFCJRY
2100,Salve dolce Vergine,Marco Frisina,Non temere,"21,26,32,7",WcflrXChefQ
1570,Salve madre dell’amore,Domenico Machetta,,7,ym7QmGy_6oU
2038,Salve o Dolce Vergine,Marco Frisina,Non temere,"31,7",WcflrXChefQ
392,Salve Regina,Gen Verde,,"7,13",O9sxd62wGZs
1963,Salve Regina,Marco Frisina,Tu sarai profeta,7,B_KY-UehmME
1642,Salve Regina [Latino],Autori Religiosi Vari,,"32,7",gMufzUX3RUY
1758,Samuel,Giosy Cento,,"21,20",_x3tf9Kx8og
393,San Damiano,Riz Ortolani - Benjamin,,"31,9",-S4SJ7ebpt8
2089,Sanctus,Figli del divino amore,,27,
2648,Sanctus! Holy!,Marcello Giombini,Io canterò pace,27,h-PMtVCPzjo
1928,Santa degli impossibili (Santa Rita),canto popolare,,"21,32,10",
394,Santa Maria del cammino,Renato D’andrea - Juan Antonio Espinosa,,"32,7",EyIpjjhjyII
397,Santo,Gen Rosso / Gen Verde,Come fuoco vivo,27,Hh4PX1BnyJY
399,Santo,valeria,,27,
401,Santo,Michele Bonfitto ,Sei grande nell'amore,27,XwgdEXPZ4js
402,Santo,Francesco Buttazzo,Vita nuova con Te,27,TYl8x7oqD6o
404,Santo,Gen Rosso,,27,
1641,Santo,Francesco Buttazzo,Sorgente di unità,27,fgLczyr5VVg
1753,Santo,Lorenzo Angelini,,27,
1857,Santo,Marco Frisina,Salvatore del mondo,27,OOxw854Alpc
1876,Santo,Marco Frisina,Pane di vita nuova,27,6ECYy1Nt4ps
1941,Santo,V. Antonioli - R. Giorgi,,27,PCTR5KXAhj8
2091,Santo ,Gen rosso-verde,,"27,14",Hh4PX1BnyJY
2161,Santo,Benedetti/Anselmi,,"25,2,3,4,5,10,11,12,13,14,15,16",ps8tTMhXgfg
2202,Santo,Gen Verde,Il Mistero Pasquale,27,N7GZXlSnhWo
2276,Santo,Domenico Machetta,Prendo le ali,27,Wi_JSF6K_VQ
2307,Santo,M. Palmitessa,Riuniti nel tuo amore,27,Ryffc-LzYbE
2318,Santo,Parisi,Popolo Santo,27,prXAyYvLe7A
2328,Santo,Daniele Scarpa,,27,nDF5BYCbC3o
1784,Santo (Ci doniamo a Te),"Bevilacqua, Bertolino",Ci doniamo a Te,27,iWXa2CWrRf8
2213,Santo (Come fuoco vivo) v2,Gen Rosso,,27,Hh4PX1BnyJY
2118,Santo (Dio del Cielo),Spoladore,,"27,5,6,10,14,15,20",E7sfZZ6O71E
1735,Santo (Do Re Mi),,,27,
403,Santo (Gen Verde),Gen Verde,,27,wMhu5w2VaDg
405,Santo (GUC),Gruppo Universitari Cattolici,,27,
1611,Santo (Jesus Christ Superstar),Jesus Christ Superstar,,27,5c8XAW-eIa0
2652,Santo (Nato per noi),Luca Bosso,,27,p_TPDIpCF9E
406,Santo (Osanna Eh),Da Tradizionale Zairese,,27,Qr6PFoDRYIE
2140,Santo - Jesus Christ Superstar (semplificato),Comunità Magnificat,,27,5c8XAW-eIa0
2184,Santo 2019,Daniele Esposito,,27,DKewVnAaWG0
396,Santo C.M.,C. M. (Assisi),,27,UXbUHZ-ERQI
1002,Santo è il Signore,Daniele Ricci,La tua dimora,27,bJjxtx9wCIc
2349,Santo è il Signore ,Avolio-Capacchione-La Rocca,Festa con Gesù,27,iloNCUjHOeI
408,Santo è Santo,Kiko Arguello,,27,28hHmFcXkqE
409,Santo il Signore,Daniele Ricci,E' l'incontro della vita,27,xRJt1mqgbMo
2335,Santo il Signore,Pasquale Dargenio,Sorgente di vita,27,iA-XewgTZ7A
2150,Santo nelle Altezze ,RnS,,27,c-ufebYihbw
1644,Santo Rock (Santo sei Signore),,,27,nPlmiEuPcZs
1923,Santo Santo,Francesco Buttazzo,Sorgente di unità,27,WFvyoqj9DtM
2312,Santo Santo,Giosy Cento,E' il giorno del Signore,27,IeKiRRfNyCw
2274,Santo santo sei,,,27,
2325,Santo Spirito,"RnS - Vigo, Napoli",Mi affido a te,"21,26,6",qPyQGS2ulE0
1821,"Santo, Santo, Santo",Antonio Josue,,27,1HK5Tl0AzG4
410,"Santo, Signore",Marcello Giombini,Cantata dei giovani per la Vergine Maria,27,TXxWWwOrD2A
2378,Saremo sempre amici,M. Emberti Gialloreti-A.M. Galliano,Incontro con Gesù,"21,2,3,5,10",
2569,Scatenate la gioia,Lucio D'amico,,"32,51",K7gPJJGXZsc
411,Scusa Signore,Renato Biagioli - Alessandro Aliscioni,,"31,4,11,12",ake51HBgl_Q
2570,Se avessi mai commesso,Santa Teresa di Lisieux,,"31,4",2pN1y8hCHds
412,Se hai un cuore grande,Pino Bordini,Mi dichiaro per Cristo,6,QA-Q6y2o54w
1839,Se il chicco di frumento,Domenico Machetta,,"26,2,3,4,5,10",THmqpVOQ7yA
2571,Se il diavolo è arrabbiato,Popolare America Latina,,16,Ec-_Kg5kBeU
413,Se il Signore non costruisce la città,Maioli,,"21,24",
414,Se m’accogli,Pierangelo Sequeri,,"21,26,13,14",YkAIWOfJiJM
415,Se qualcuno ha dei beni,Michele Bonfitto,Sei grande nell'amore,26,CJZGnpyJ51g
2293,Se tu mi ami Simone,Marco Frisina,Signore è il Suo nome,31,c3QYTBkofvs
1933,Se tu sei con me,,,11,vMTOuqsMVnM
419,Segni del tuo amore,Gen Rosso - Gen Verde,,26,Ou0wDlaHWPY
1571,Segni nuovi,Gen Rosso,,"21,32",IMs8aVNmfuo
2465,Sei con noi uno di noi,Domenico Machetta,"Sei con noi, uno di noi",21,LL41_rgYQgw
1794,Sei Dio,Gen Rosso,Dove Tu sei,"9,10,14",0D6F8fDunZw
1927,Sei fuoco e vento,Andrea Testa,,"31,6,10",SQd4dv45w-k
1795,Sei giunto da molto lontano,L. Scaglianti,,"4,10,17",380urOVvKdA
420,Sei grande Dio,Giosy Cento,Celebriamo la nostra speranza,31,o7jFRWGmjOk
2031,Sei il mio rifugio,RnS,,"21,31,52",sZiN7b5sB5g
1573,Sei libertà,Anna Maria Galliano - Rino Farruggio,,5,qApweMbGTpQ
1740,Sei luce splendida,Daniele Semprini,,"21,3",pFSs5WNKo9Y
2673,Sei per noi cibo di eternità,Francesco Buttazzo,Sorgente di unità,"26,31,10",
2435,"Sei pura, sei pia",S. Alfonso M. De Liguori - Perosi,Le canzoncine spirituali di S. Alfonso,"32,7",B6jc0lDZ-G0
2860,Sei tu Signore il mio Pastore,Giuseppe Tranchida,Sei l'amico che perdona,"24,10",EZ2JPLgeErA
2529,Sei Tu Signore il pane,George Kirbye,,"31,52",3scIuiikzuk
1640,"Sei Tu, Signore",Francesco Buttazzo,Sorgente di unità,"31,5",q21ujt1xnC0
2745,Sei venuto dal cielo,Daniele Ricci,Sei venuto dal cielo,"26,31,3",x1q5ouXaQrU
422,Semina la Pace,Gen Rosso,,30,SOlxYUcz7BM
2385,Sempre canterò,RnS,Sempre canterò,"21,32",-kVhOU4GERs
1478,Servire è regnare,Gen  Verde,,"26,4",U_xd0EgZKUg
423,Servo per amore,Gen Rosso,,"26,7,16",GOnLKL34q0E
1885,Sfolgora il sole di Pasqua,Francesco Buttazzo,Alleluia è resorto,"31,5",9aOatg1tRqw
425,Shalom,Beny Conte - G. Ferrante,,30,Hr-Fk0pSzJs
2802,Shemà Israel,Kiko Argüello,,"21,5,10",aVYbiH88tHw
1973,Si accende una luce,Lucernario,,2,BtW8PDIm2dc
2387,Sia lode all'Agnello,RnS ,,"14,52",ExoLY01XIbU
1796,Siamo arrivati,Marcello Giombini,Da mille strade,"21,10,51",yC7bGA38mJg
1892,Signora della pace,Paolo Spoladore,Così,"30,32,7",l-z4s3MwF54
1579,Signore cerchi i figli tuoi,Eugenio Costa - G. Del Treppo,,11,hI6cHpaqHWs
428,Signore come è bello (La tenda),Claudio Chieffo,,"31,32,17",q6OTCpB63LM
1709,Signore da chi andremo,Alejandro Mejia,,"31,52",J5tytDPEmCc
2769,Signore delle Cime,Bepi de Marzi,,10,GOt_IfNcvpA
1586,Signore pietà,Francesco Buttazzo,Esultiamo nel Signore,22,Z6I6uEOh01s
1658,Signore pietà,Giosy Cento,,22,6dAuZYm3Lug
1886,Signore pietà,Francesco Buttazzo,Vita nuova con Te,22,4gzCerI5Iz4
1897,Signore pietà,Gen Rosso,Dove tu sei,22,uXLPP0-EVNk
2084,Signore Pietà,Daniele Ricci,E' l'incontro della vita,"22,4,5",JKSUOlt1_CA
2343,Signore pietà,Giuseppe Tranchida,Resta con noi Gesù,22,5fN1wAkUfIA
2345,Signore pietà  ,Avolio-Capacchione-La Rocca,Festa con Gesù,"22,10,11",Qtg-r9zQ4zE
1772,Signore vero corpo,Marco Frisina,,22,W0Zh4fvBj6Q
1797,"Signore, fa di me uno strumento",M. Gonzo,,"26,30",ZcE3A3qbMnU
2383,"Signore, sei Tu il mio Pastor",R. Jef - D. Stefani,,"24,31,2,3,4,5",tHsxzhub6po
1574,"Signore, tu sei nostro amico",Francesco Buttazzo,,11,AuvCTxdss_0
2635,Sii esaltato ,RnS - T.Paris,Venti dello Spirito,"21,32,14",Vz01MqhPbyM
432,Silenzioso Dio,Giosy Cento,,31,knzZ9EYvoPs
2598,Simeone,Daniele Esposito,,"31,32,10,13",rH07fVSFjq8
1953,So che sei qui,Gen Verde,Messa della concordia,"31,9,13",tZEovlG6uAg
2636,So che tu sei il mio Signor,"Rns - D.Zschech, R.Fragar",,"21,32,14",PHEjrnogw3c
2204,Sollevate porte i vostri frontali,Marco Frisina,Stillate cieli dall'alto,"21,5",EXxRBpQ3RbA
1905,Solo in Dio riposa l'anima mia,Frammenti di luce,,"21,31",
1703,Solo per grazia,Gerrit Gustafson,,"31,9",mpma2WfQ9KM
2407,Solo tu il mio Dio ,RnS - John B. Foley S. J,Sempre canterò,"21,32,10",WBCJ1c6cYCI
2029,Sommo e glorioso Dio,Francesco Cioffi,,"26,31",KIQZP4jTZYs
1477,Sono il Pane di Vita,S. Toolan,,31,UwA__oGQ1e0
1701,Sono il Signor che ti guarisce,Don Moen,,"31,9",-k3uz0mmmkE
2043,Sono nato di nuovo,Servi di Cristo vivo,,"32,6,8,10,14,52",
434,Sono qui a lodarti (luce del mondo),RnS - Tim Hughes,,"21,5,9,10,14",s6F0EgxUCok
436,Sotto il Tuo manto,Marco Frisina,Tu sarai profeta,"21,32,7",IotM7NmYdGA
2182,Sotto la Tua croce,Gianlivio Bersigotti,,"31,9",2XWFqM8CbzU
2219,Spalancate le porte a Cristo,,,21,FRflOghAJ4Y
1710,Spezziamo il pane ,Chris Rolinson,,31,wsa2qtnfRfk
2379,Spirito d'Amore  ,RnS - Elen Yarrow Mezzetti,Spirito Santo Vieni!,"32,6",JwY3Yq0WuY8
1711,Spirito del Dio vivente,Jacques Godard,,6,QfhKk-joa8k
441,Spirito di Dio (Consacrami),Tiziana Rangani - Gianni Soldano,,6,IvkovN4Hkqo
2365,"Spirito di Dio, scendi su di noi",RnS - D. Iverson,Sempre canterò,"32,6,9,10",ZucFYqkbUcY
1696,Spirito di santità,A. Gouzes,,6,wEwwBW9Jk_4
1799,Spirito Santo,Morning Star Music,,"6,8,10",m-w4Xwad_kk
1992,Spirito Santo (Espiritus Santo),Athena,Me basta Tu gracia,"9,10",jtt7zyFeNls
1660,Spirito Santo (Fiume di Pace),,,"6,9",4GCLs9VqNEk
2470,Spirito Santo cuore dell'umanità,RnS - F. Marranzino,L'Amore del Padre,"6,9",9pS3kpqkNvg
1605,Spirito Santo soffio di vita,Roland Patzleiner - Figli del Divino Amore,,6,CV2DEoKvTzY
2098,"Spirito Santo, dolce presenza",RnS,,"31,6,9,16,19",Bb2WHAiP5SM
1666,Sposa amata,Corale di Palmi,,7,EPTUzg9R4Z4
2061,Stabat Mater,Marco Frisina,,"22,31,4,5,7",NSN3U6_-Ipw
1569,Stai con me,RnS,,9,o9ytftb0p4w
1647,Stasera sono a mani vuote,Luisa Pecchi,,"26,4",brFD8U0FpG0
1615,Stella del mare,Comunità Gesù risorto,,7,a1a3MVoW8sY
2640,Stirpe eletta ,RnS - A.Carter,,9,4MQ0zwKGoCA
2572,Stringimi,Geoff Bullock,,"31,9",0juIsd4yxW0
443,Su ali d’aquila,Michael Jancas,,"31,32",M24IfMH1PhU
444,Sulla Tua parola (Pietro vai),P. Paci - G. Santambrogio - Stefano Varnavà,,"31,16,17,20",jXE0ta1g1b0
445,Svegliati o Sion,Comunità Shalom,,32,xplsBssBiyQ
1675,Symbolum ‘77,Pierangelo Sequeri,In cerca d'autore,"31,14,19",r-hf2dOBfDE
446,Symbolum ‘77 (v2),Pierangelo Sequeri,In cerca d'autore,"31,14,19",r-hf2dOBfDE
447,Symbolum ‘80 (Ma la tua Parola),Pierangelo Sequeri,Ma la tua Parola,"31,2,17,19",pSMZAXrvT4A
2610,T'amo Gesù,RnS - D.Visconti - A.Visconti,Luce,25,9bHWgyzlxzs
2359,T'invochiamo Spirito,RnS - A. Di Russo,Venti dello spirito,"21,6",iVKSgOEbrFU
449,Tacita notte,---,,3,
1651,Talità Kum,RnS,Misericordia sei,21,m-54f4aPx1Q
1699,Tantum Ergo,Gregoriano,,9,Swns4Kjzc9E
2247,Te Deum,RnS,,24,Ghh9yhJZasI
450,Te lodiamo Trinità,G. Stefani,,"31,19",pS9m2X9So5I
451,"Te, al centro del mio cuore",Gen Verde,E' bello lodarti,31,QEOyKmMbb_0
2447,Tempo di ricominciare,Gen Verde,Tempo di ricominciare,31,uKal1PpNSJs
452,Testimoni dell’amore,Francesco Buttazzo,,"5,16",uGwq9KukGGk
2797,The blessing,Kari Jobe,,"32,10,14,15",_51tRxWllME
1697,Ti amo Signor,Laurie Klein,,"9,52",ipf3GPiyYaA
1663,Ti dono il mio cuore Gesù,Figli del divino amore,,"26,9",c9axeY5W97s
453,Ti esalto Dio mio Re,RnS,,"21,24,32,14",k-FQwfnrxl0
1652,"Ti Loderò, Ti Adorerò, Ti Canterò","RnS - D.Basta, R.Baldi",Luce,14,7xpGAaTVmrA
1878,Ti lodino i popoli Dio,Francesco Buttazzo,,"21,32,5",3YdieOWn0u8
457,Ti offriamo,Gen Verde,Gratitudine,26,cvP_AxA8eDE
2012,Ti offriamo Signore,Spoladore,,"26,2,9,10,12,14,15,52",V2_6hSgxFRg
2358,Ti offro Signor,Giuseppe Carrisi,Il 7° giorno,"26,52",bd8IuPNUM_g
2574,Ti parlerò di me,Reale,Come nessun altro,"31,11,12",Y0seKXi7a0Q
1676,Ti rendiamo grazie,RnS,,31,7rAxVf_izmM
459,Ti ringraziamo,Gen Verde,Gratitudine,"26,32",6OKVjp-6GUY
1800,Ti ringrazio mio Signore,Pierangelo Sequeri,Qui dove Tu ci chiami,"31,32,52",6YsclSgpECA
1713,"Ti ringrazio, o mio Signore",C. Gabarain,,"32,52",v5ewwgxAuA4
2357,"Ti ringrazio, o Signor",Lucio Maria Zappaore,Il Signore è vita,"32,52",trTz934uHVg
1712,"Ti salutiamo, o Vergine",Canto tradizionale ,,"21,32,7",CHgvW9JwN-E
1861,Ti saluto San Giuseppe,Parole di S.Giovanni Eudes - musica Comunità Shalom,,"32,10",
1714,"Ti saluto, o Croce santa",Gazzera - Damilano ,,"21,32,4",3SaRcDRegyo
462,Ti seguirò,Marco Frisina,,"31,20",Y_xgpeKRs3k
1727,Ti sei fatto pane,Daniele Ricci ,Gesù è il suo nome,"31,3",VktGKm3AF88
1913,Tornerà il Signor,J. Brunderschaft,,31,7lO3c_jKgR4
1967,"Tota pulchra es, Maria",Gregoriano,,7,d391vKzANfM
2164,Trasformaci in te,"S. Mazzarisi, M. Palmitessa",Tu vieni in mezzo a noi,"26,2",NYyvnlzPopA
1715,Trasformi in Gesù,Giosy Cento ,,26,4m4K4q2fO8g
2344,Trisaghion,Marco Frisina,Tu sei bellezza,31,cvmONd6ZH0s
463,Tu chi sei,Chiara Bizzetti,,31,4J5sLpixxJk
1828,Tu mi conosci,,,31,
2275,Tu mi hai sedotto,"Giuseppe Cucuzza, Mari Pia Culella",,31,JmihOyqA6r4
2005,Tu quando verrai,"Poma, Fant, Croft",,"21,32,2",W5fM08PGg34
2751,Tu qui,"Paolo Paci, Duilio Preti",Insieme Blu (1984),"31,5,15,20,52",
464,Tu sarai profeta,Marco Frisina,Tu sarai profeta,"21,26,31,2,16,20",3RlXWfB_ALI
1955,Tu sarai profeta (2),Marco Frisina,Tu sarai profeta,"21,31",3RlXWfB_ALI
465,Tu scendi dalle stelle,Tradizionale,,"32,3",THoF5snnSvE
466,Tu sei,Paolo Spoladore,Così,"21,31,6",RbEjtKf3Yr8
1544,Tu sei bambino,Daniele Ricci,,"21,3",QhJ29I6o3D4
2400,Tu sei il mio Dio ,RnS - M. Delavan,Come Davide,"31,9,10",QGyyfIiyNEA
2777,Tu sei il mio Dio (Meraviglioso),PDG Worship D.Cascio,,"31,9,11",QL7_sLKBXe0
2122,Tu sei la forza,Eman,,"5,6,10,14",PDaq_myKqbs
1576,Tu sei la perla preziosa,RnS,,"9,15",8j48Jn07_oM
1863,Tu sei misericordia,RnS,,"31,5",LGP1dbczCAw
2231,Tu sei per me,Gianlivio Bersigotti,,"31,9",WE47mdh7VXc
2326,Tu sei qui,RnS - G.Bonelli,Io ti seguirò,"21,31",6OXAMSdADts
1975,Tu sei qui (Medjugorje),Figli del divino amore,,"31,9,10,14,52",k_Wt7xCZn4I
2575,Tu sei qui (Way maker),Leeland,,"31,9",YKoiaFo6shc
1707,Tu sei Re,Nico Battaglia,,"21,31,9",zKrljiD2ANw
1995,Tu sei Santo Tu sei Re,Rns,,"31,9,10,11,14,52",-EtAY6ADJzo
2026,Tu un giorno,D. Machetta ,,"31,3",HdEZRTr8xus
1801,Tu vero pane della vita,Fabio Baggio,La vita che nasce,31,9VfmPmHwhmc
2170,Tu vieni signore,"S. Mazzarisi, M. Palmitessa",Tu vieni in mezzo a noi,"31,2",RhLrErFUEQk
2232,"Tu, nostro Pastore","Christopher Walker & Marco Deflorian, Marco Deflorian",,31,7fUhKmlhe-4
2641,"Tuo è il regno, tua è la potenza",RnS - S.Martinez - C.Venturini ,Prostrati adoriamo,21,z1WdTWgno5M
1680,Tutta la terra attende,F. Baggio,Maranatha vieni Signore,"21,2",66-THI043qA
2659,Tutta la vita è un dono,Gen Rosso,20 anni Gen Rosso,32,TExeT0w_4Gk
1379,Tutto è Possibile (Nuovi Orizzonti),Giuliano Pili,,"31,32,14",d5WeIReVXrU
2222,Tutto il mondo deve sapere,Gen Verde,Il Mistero Pasquale,"25,32,5",DxMOXCh1QLk
2439,"T’adoriam, Ostia divina",Popolare,Collana Canti per la Liturgia: Inni e canti,9,tstLbNE5AJU
2333,Umiliò se stresso,Marco Frisina,Chi ci separerà dall'amore di Cristo?,"21,4",TseqIMvD3TY
2601,Un canto il cuor,Stuart K. Hine,,"21,9,14,52",SMXCMX-F4bw
1814,Un canto semplice d’amore,---,,"31,10,14",DwAdkGTW7E8
470,Un cuore nuovo,Francesco Buttazzo,,"4,12,17",3rNr2gpEFhA
2223,Un raggio splenderà,Padre Daniele Badiali,,"32,10,12,16,53",BBJZz11_clY
2103,Un sogno che vola,Maurizio Palazzo,,"32,10,53",v6DPyjT9Qjs
1717,"Un sol corpo, un sol spirito",Salvatore Martinez,,"21,32,16",n-Gov3B4AIk
2576,Uomo di galilea,RnS,Vive Gesù il Signor,21,zp74gDOTECw
1716,Usami Signore,Benedetto Conte - Pietro Ferrante,,"6,9,52",
1925,Vedrai che bello," Stefano Colombo, Angelo Racz",,"32,10,20",8NJ-KurGG6A
2578,Veglia al bambino Gesù,Tradizionale,,3,8j00v_PdMek
1950,Venite a me,L. Mariano,,"31,2,4,20",wEvLT3HnkTo
2225,Venite alla festa,Gen Rosso,,"21,31,32,15",rT926TNFLdM
2253,Venite applaudiamo al Signore,Kiko Arguello,,"21,4",AV8drfqaYE0
1817,Venite applaudiamo al Signore  (Salmo 94),Marco Frisina,Benedici il Signore,"21,24",0iJ462qTKh4
1718,Venite dal profondo,R. J. Stamps,,31,yz9LJgeGNHM
474,Venite fedeli,Tradizionale,,"21,3",_ScN76gAQ8g
2024,Venite fedeli (v2),Stefani - Wade,,"21,3",RHw_pm_ITWk
1938,Venite saliamo al monte del Signore,Marco Frisina,Salvatore del mondo,"24,4",31AWNjoGyIo
478,Verbum Panis,Mite Balduzzi,,"31,3",3cXJ9p4Zjo0
1698,Vergin Santa,RnS,,"21,31,2,3,7",mTnD1HXRnfk
2197,Vergine Madre,Marco Frisina,Vergine Madre,7,
1664,Vero cibo è il tuo corpo,RnS,Mi arrendo al tuo amore,31,MT5d5ErYJ10
479,Verremo a Te,Guido Meregalli,,21,
2047,Vexilla regis prodeunt,Venanzio Fortunato-Urbano VIII,,4,
480,Vi amo così,M. Brusati - M. Versaci,,"31,32",QErFrdcT4RA
1732,Vi annuncio la gioia,Fabio Baggio,,"21,3",E619YuHXNMc
1719,Vi darò un cuore nuovo,L. De Mattia - Guglielmo Amadei,,"21,31,4,11,12",3uyh87q1AyE
1594,Vi lascio un grande esempio,Pasquale Dargenio,Dalla tua Croce,"31,5",3yZ1qsQJhSw
2205,Vidi la nuova Gerusalemme,Marco Frisina,Vergine Madre,"21,7",KYqctObWoJE
2206,Vidi l’acqua,Marco Frisina,Cristo è nostra Pasqua,"5,8",-V3jTKB9dyE
2007,Viene il Signore,Marco Frisina,,"31,2",M4HpP9L3Aig
483,Vieni al Signor,Matteo Calisi Da Tradizionale Ebraico,,"21,24,31,4,14",iDWgszB1njo
2230,Vieni con me,Giosy Cento,,"21,32,10,15,20",MWWqRbyq3t0
1811,Vieni dal Libano,P. Marciani - N. Cometto,,"21,15",bPbi4SXd0MU
486,Vieni e seguimi,Gen Rosso,Se siamo uniti,"21,32,17,20",EprjM1pGNyY
2419,Vieni fratello (il Padre ci chiama),A. Lagorio,Nella casa del Padre,"21,32",FwHQOBW1sU4
1598,"Vieni Gesù, Maranathà",Francesco Buttazzo,Maranthà vieni Signore,"21,2",So3lUEds_Qs
487,Vieni Nasci ancora,Daniele Ricci,,3,Lw_edz-5dFw
1943,Vieni o Spirito Creatore,P. Antonio Josue,,"21,6",S2C8rWnCfdg
2757,Vieni popolo mio,"F. Baggio, F. Buttazzo",Tempo di grazia,"21,31,32",qUykvY6s7Gk
2208,Vieni Santo Spirito,Gen Verde,,"21,26,31,6,10,19",QGNjaSspl4k
2433,Vieni Santo Spirito (culla il mio cuore),Sara Corrieri,,6,VEIrSzFD2K0
1832,Vieni Signore non tardare,Marco Frisina,Salvatore del mondo,2,Udrb_WYeFPs
2167,Vieni Signore Vieni (Maranatha),Galliano Semprini,Il signore è vicino,"21,2",_TX0DWif4aw
489,Vieni Spirito di Cristo (Vieni vieni spirito d’amore),RnS - G. Amadei - K. Arguello,Spirito Santo Vieni,6,cD9dCcT0jl0
1612,Vieni Spirito di Dio,A.M.Landi - D. Deo,,10,-VvG8REU7h4
490,Vieni Spirito Forza dall'alto,Roland Patzleiner - Figli del Divino Amore,,6,OTf1E6wL31k
1812,"Vieni Spirito Santo, Vieni",P. Bordini,,6,JJuq6PeYw4Y
1917,"Vieni, santo spirito di Dio",Francesco Buttazzo - Daniele Scarpa,,"21,6",2cvwfltc0v8
2214,Viva don Bosco,,,"32,10,53",_As9JAXiEe0
492,Vivere la vita,Gen Verde,E' bello lodarti,"21,31,32,16",Tq4pPkWwzA4
1813,Vivi della sua pace,F. Baggio; G. Beltrami,,"30,32",tZUa6rV5lLw
2106,Vivi in noi don Bosco,A. Franciosa,,"32,10,53",w5HqA0sNAGg
1780,Vocazione,Pierangelo Sequeri,In cerca d'autore,"21,31,12,20",8omR81t4csc
493,Vocazione (v2),Pierangelo Sequeri,In cerca d'autore,"21,31,20",pgTabb5fhIU
1990,Voglio adorare te,RnS,,9,NOHPFNL88Iw
494,Voglio cantare al Signor,RnS,,"21,24,32",N3iWAEOmLDc
2579,Voglio darti il mio cuor,Comunità Cenacolo,Dio dell'amore,"14,15",ImJ8_w59iq0
2789,Voglio restar con Te,sconosciuto,,"32,9,14",Hfe2whkYfos
496,Voglio ringraziare,---,,"26,18",BqY1WvhAN5Y
2386,Voglio stare accanto a Te,Don Moen,,"31,52",JnKh2n15Q-4
2390,Voglio stare accanto a Te,RnS,,"31,9",lsxeJEV8NbI
497,Voi siete di Dio,Mite Balduzzi,,"21,26,32,8",TTVG8A9cGKQ
506,Voi siete di Dio (v2),Mite Balduzzi,,"21,26,32,8",TTVG8A9cGKQ
2642,Volgete gli occhi ,RnS - Jean Luc Moens,Benedici il Signor,"21,52",fXXvEFGg4Ms
2367,Volto dell'Uomo,Domenico Machetta,,"28,31,4",4YVuuIiZZDk
1841,Volto Santo di Cristo,Marco Frisina,Salvatore del mondo,4,
2121,Who you say I am,Hillsong,,"32,10,11,12,14,15,16,20,52",lKw6uqtGFfo
2257,Yes Lord,Darrell Evans,,51,II0ALMgLUrI
